Prediction_unit_id,is_business,product_type,percentage_for_high_consumption,percentage_errors_product,total_budget_2021,conditions_for_high_consumption,perfect_conditions,high_consumption,low_consumption,high_production,low_production,number_counties,featuers_important_for_consumption,featuers_important_for_production,county,bad_conditions
0,no,Fixed,0.04,0.02,-86571965.27,"[('<1182.218', 'target'), ('<417.0', 'eic_count'), ('<4001.08', 'installed_capacity'), ('<-1.776', 'temperature_hist_mean'), ('<-3.709', 'dewpoint_hist_mean'), ('<98.667', 'cloudcover_total_hist_mean'), ('<92.413', 'cloudcover_low_hist_mean'), ('<82.54', 'cloudcover_mid_hist_mean'), ('<1.92', 'direct_solar_radiation_hist_mean'), ('<0.057', 'snowfall_hist_mean')]","[('<355.0', 'eic_count'), ('<3316.0', 'installed_capacity'), ('<18.684', 'temperature_hist_mean'), ('<12.447', 'dewpoint_hist_mean'), ('<77.487', 'cloudcover_total_hist_mean'), ('<54.99', 'cloudcover_low_hist_mean'), ('<47.22', 'cloudcover_mid_hist_mean'), ('<344.673', 'direct_solar_radiation_hist_mean'), ('<0.0', 'snowfall_hist_mean')]",1418.155,22.972,2079.295,0,1,"['target', 'eic_count', 'installed_capacity', 'temperature_hist_mean', 'dewpoint_hist_mean', 'cloudcover_total_hist_mean', 'cloudcover_low_hist_mean', 'cloudcover_mid_hist_mean', 'direct_solar_radiation_hist_mean', 'snowfall_hist_mean']","['target', 'eic_count', 'installed_capacity', 'temperature_hist_mean', 'dewpoint_hist_mean', 'cloudcover_total_hist_mean', 'cloudcover_low_hist_mean', 'direct_solar_radiation_hist_mean', 'snowfall_hist_mean']",0,"[('<392.0', 'eic_count'), ('<3673.8', 'installed_capacity'), ('<9.825', 'temperature_hist_mean'), ('<6.935', 'dewpoint_hist_mean'), ('<92.8', 'cloudcover_total_hist_mean'), ('<83.693', 'cloudcover_low_hist_mean'), ('<60.373', 'cloudcover_mid_hist_mean'), ('<8.533', 'direct_solar_radiation_hist_mean'), ('<0.002', 'snowfall_hist_mean')]"
1,no,General service,0.008,0.013,-9649724.019,"[('<66.97', 'target'), ('<156.7', 'installed_capacity'), ('<0.655', 'temperature_hist_mean'), ('<-0.406', 'dewpoint_hist_mean'), ('<94.287', 'cloudcover_total_hist_mean'), ('<86.86', 'cloudcover_low_hist_mean'), ('<67.61', 'cloudcover_mid_hist_mean'), ('<6.06', 'direct_solar_radiation_hist_mean'), ('<0.049', 'snowfall_hist_mean')]","[('<142.3', 'installed_capacity'), ('<18.704', 'temperature_hist_mean'), ('<12.366', 'dewpoint_hist_mean'), ('<76.983', 'cloudcover_total_hist_mean'), ('<53.85', 'cloudcover_low_hist_mean'), ('<46.957', 'cloudcover_mid_hist_mean'), ('<352.33', 'direct_solar_radiation_hist_mean'), ('<0.0', 'snowfall_hist_mean')]",76.551,1.016,113.911,0,1,"['target', 'installed_capacity', 'temperature_hist_mean', 'dewpoint_hist_mean', 'cloudcover_total_hist_mean', 'cloudcover_low_hist_mean', 'cloudcover_mid_hist_mean', 'direct_solar_radiation_hist_mean', 'snowfall_hist_mean']","['target', 'temperature_hist_mean', 'dewpoint_hist_mean', 'cloudcover_total_hist_mean', 'cloudcover_low_hist_mean', 'direct_solar_radiation_hist_mean', 'snowfall_hist_mean']",0,"[('<154.7', 'installed_capacity'), ('<10.028', 'temperature_hist_mean'), ('<7.137', 'dewpoint_hist_mean'), ('<92.653', 'cloudcover_total_hist_mean'), ('<83.453', 'cloudcover_low_hist_mean'), ('<59.947', 'cloudcover_mid_hist_mean'), ('<8.907', 'direct_solar_radiation_hist_mean'), ('<0.002', 'snowfall_hist_mean')]"
2,no,Spot,0.021,0.02,-425222729.7,"[('<3289.156', 'target'), ('<1236.0', 'eic_count'), ('<12554.61', 'installed_capacity'), ('<-2.218', 'temperature_hist_mean'), ('<-3.914', 'dewpoint_hist_mean'), ('<98.27', 'cloudcover_total_hist_mean'), ('<87.573', 'cloudcover_low_hist_mean'), ('<77.753', 'cloudcover_mid_hist_mean'), ('<1.76', 'direct_solar_radiation_hist_mean'), ('<0.06', 'snowfall_hist_mean')]","[('<939.0', 'eic_count'), ('<9667.11', 'installed_capacity'), ('<18.532', 'temperature_hist_mean'), ('<12.372', 'dewpoint_hist_mean'), ('<77.823', 'cloudcover_total_hist_mean'), ('<55.467', 'cloudcover_low_hist_mean'), ('<47.147', 'cloudcover_mid_hist_mean'), ('<334.383', 'direct_solar_radiation_hist_mean'), ('<0.0', 'snowfall_hist_mean')]",3714.605,74.499,6399.67,0,1,"['target', 'eic_count', 'installed_capacity', 'temperature_hist_mean', 'dewpoint_hist_mean', 'cloudcover_total_hist_mean', 'cloudcover_low_hist_mean', 'cloudcover_mid_hist_mean', 'direct_solar_radiation_hist_mean', 'snowfall_hist_mean']","['target', 'temperature_hist_mean', 'dewpoint_hist_mean', 'cloudcover_total_hist_mean', 'cloudcover_low_hist_mean', 'direct_solar_radiation_hist_mean', 'snowfall_hist_mean']",0,"[('<990.0', 'eic_count'), ('<10291.11', 'installed_capacity'), ('<9.703', 'temperature_hist_mean'), ('<6.857', 'dewpoint_hist_mean'), ('<92.907', 'cloudcover_total_hist_mean'), ('<83.867', 'cloudcover_low_hist_mean'), ('<60.693', 'cloudcover_mid_hist_mean'), ('<7.947', 'direct_solar_radiation_hist_mean'), ('<0.003', 'snowfall_hist_mean')]"
3,yes,Combined,0.047,0.015,-59772476.94,"[('<2027.975', 'target'), ('<22.0', 'eic_count'), ('<910.5', 'installed_capacity'), ('<3.055', 'temperature_hist_mean'), ('<0.315', 'dewpoint_hist_mean'), ('<98.673', 'cloudcover_total_hist_mean'), ('<94.807', 'cloudcover_low_hist_mean'), ('<78.14', 'cloudcover_mid_hist_mean'), ('<0.035', 'snowfall_hist_mean')]","[('<11.0', 'eic_count'), ('<658.0', 'installed_capacity'), ('<19.12', 'temperature_hist_mean'), ('<12.747', 'dewpoint_hist_mean'), ('<78.957', 'cloudcover_total_hist_mean'), ('<60.68', 'cloudcover_low_hist_mean'), ('<41.54', 'cloudcover_mid_hist_mean'), ('<0.0', 'snowfall_hist_mean')]",2269.05,0,418.2,0,1,"['target', 'eic_count', 'installed_capacity', 'temperature_hist_mean', 'dewpoint_hist_mean', 'cloudcover_total_hist_mean', 'cloudcover_low_hist_mean', 'cloudcover_mid_hist_mean', 'snowfall_hist_mean']","['target', 'temperature_hist_mean', 'dewpoint_hist_mean', 'cloudcover_total_hist_mean', 'cloudcover_low_hist_mean', 'direct_solar_radiation_hist_mean', 'snowfall_hist_mean']",0,"[('<11.0', 'eic_count'), ('<658.0', 'installed_capacity'), ('<11.471', 'temperature_hist_mean'), ('<7.929', 'dewpoint_hist_mean'), ('<91.013', 'cloudcover_total_hist_mean'), ('<80.867', 'cloudcover_low_hist_mean'), ('<57.653', 'cloudcover_mid_hist_mean'), ('<0.001', 'snowfall_hist_mean')]"
4,yes,Fixed,0.024,0.022,-358430925.8,"[('<2039.982', 'target'), ('<96.0', 'eic_count'), ('<2714.9', 'installed_capacity'), ('<-1.651', 'temperature_hist_mean'), ('<-3.101', 'dewpoint_hist_mean'), ('<98.707', 'cloudcover_total_hist_mean'), ('<94.673', 'cloudcover_low_hist_mean'), ('<86.87', 'cloudcover_mid_hist_mean'), ('<7.19', 'direct_solar_radiation_hist_mean'), ('<0.052', 'snowfall_hist_mean')]","[('<75.0', 'eic_count'), ('<2017.7', 'installed_capacity'), ('<18.83', 'temperature_hist_mean'), ('<12.296', 'dewpoint_hist_mean'), ('<74.907', 'cloudcover_total_hist_mean'), ('<52.627', 'cloudcover_low_hist_mean'), ('<47.377', 'cloudcover_mid_hist_mean'), ('<393.56', 'direct_solar_radiation_hist_mean'), ('<0.0', 'snowfall_hist_mean')]",2318.481,74.661,1125.34,0,1,"['target', 'eic_count', 'installed_capacity', 'temperature_hist_mean', 'dewpoint_hist_mean', 'cloudcover_total_hist_mean', 'cloudcover_low_hist_mean', 'cloudcover_mid_hist_mean', 'direct_solar_radiation_hist_mean', 'snowfall_hist_mean']","['target', 'temperature_hist_mean', 'dewpoint_hist_mean', 'cloudcover_total_hist_mean', 'cloudcover_low_hist_mean', 'direct_solar_radiation_hist_mean', 'snowfall_hist_mean']",0,"[('<92.0', 'eic_count'), ('<2483.6', 'installed_capacity'), ('<11.215', 'temperature_hist_mean'), ('<7.759', 'dewpoint_hist_mean'), ('<91.453', 'cloudcover_total_hist_mean'), ('<81.613', 'cloudcover_low_hist_mean'), ('<57.84', 'cloudcover_mid_hist_mean'), ('<30.347', 'direct_solar_radiation_hist_mean'), ('<0.001', 'snowfall_hist_mean')]"
5,yes,Spot,0.018,0.022,-2883395157,"[('<14815.508', 'target'), ('<407.0', 'eic_count'), ('<16900.98', 'installed_capacity'), ('<-1.74', 'temperature_hist_mean'), ('<-3.174', 'dewpoint_hist_mean'), ('<98.9', 'cloudcover_total_hist_mean'), ('<95.9', 'cloudcover_low_hist_mean'), ('<94.123', 'cloudcover_mid_hist_mean'), ('<6.293', 'direct_solar_radiation_hist_mean'), ('<0.106', 'snowfall_hist_mean')]","[('<377.0', 'eic_count'), ('<15668.49', 'installed_capacity'), ('<19.273', 'temperature_hist_mean'), ('<12.658', 'dewpoint_hist_mean'), ('<76.207', 'cloudcover_total_hist_mean'), ('<54.807', 'cloudcover_low_hist_mean'), ('<43.787', 'cloudcover_mid_hist_mean'), ('<392.92', 'direct_solar_radiation_hist_mean'), ('<0.0', 'snowfall_hist_mean')]",15480.274,2507.86,7814.313,0,1,"['target', 'eic_count', 'installed_capacity', 'temperature_hist_mean', 'dewpoint_hist_mean', 'cloudcover_total_hist_mean', 'cloudcover_low_hist_mean', 'cloudcover_mid_hist_mean', 'direct_solar_radiation_hist_mean', 'snowfall_hist_mean']","['target', 'eic_count', 'temperature_hist_mean', 'dewpoint_hist_mean', 'cloudcover_total_hist_mean', 'cloudcover_low_hist_mean', 'direct_solar_radiation_hist_mean', 'snowfall_hist_mean']",0,"[('<389.0', 'eic_count'), ('<15917.68', 'installed_capacity'), ('<11.531', 'temperature_hist_mean'), ('<7.963', 'dewpoint_hist_mean'), ('<91.027', 'cloudcover_total_hist_mean'), ('<80.987', 'cloudcover_low_hist_mean'), ('<57.52', 'cloudcover_mid_hist_mean'), ('<41.267', 'direct_solar_radiation_hist_mean'), ('<0.001', 'snowfall_hist_mean')]"
6,no,Fixed,0.025,0.013,-2415857.87,"[('<35.387', 'target'), ('<17.0', 'eic_count'), ('<137.29', 'installed_capacity'), ('<-0.878', 'temperature_hist_mean'), ('<-2.752', 'dewpoint_hist_mean'), ('<98.633', 'cloudcover_total_hist_mean'), ('<93.527', 'cloudcover_low_hist_mean'), ('<76.883', 'cloudcover_mid_hist_mean'), ('<1.663', 'direct_solar_radiation_hist_mean'), ('<0.038', 'snowfall_hist_mean')]","[('<15.0', 'eic_count'), ('<117.29', 'installed_capacity'), ('<17.794', 'temperature_hist_mean'), ('<12.057', 'dewpoint_hist_mean'), ('<79.103', 'cloudcover_total_hist_mean'), ('<58.873', 'cloudcover_low_hist_mean'), ('<47.097', 'cloudcover_mid_hist_mean'), ('<321.237', 'direct_solar_radiation_hist_mean'), ('<0.0', 'snowfall_hist_mean')]",50.639,0.002,95.574,0,1,"['target', 'eic_count', 'installed_capacity', 'temperature_hist_mean', 'dewpoint_hist_mean', 'cloudcover_total_hist_mean', 'cloudcover_low_hist_mean', 'cloudcover_mid_hist_mean', 'direct_solar_radiation_hist_mean', 'snowfall_hist_mean']","['target', 'installed_capacity', 'temperature_hist_mean', 'dewpoint_hist_mean', 'cloudcover_total_hist_mean', 'cloudcover_low_hist_mean', 'direct_solar_radiation_hist_mean', 'snowfall_hist_mean']",1,"[('<17.0', 'eic_count'), ('<137.29', 'installed_capacity'), ('<9.604', 'temperature_hist_mean'), ('<6.859', 'dewpoint_hist_mean'), ('<93.04', 'cloudcover_total_hist_mean'), ('<83.973', 'cloudcover_low_hist_mean'), ('<60.947', 'cloudcover_mid_hist_mean'), ('<7.48', 'direct_solar_radiation_hist_mean'), ('<0.003', 'snowfall_hist_mean')]"
7,no,Spot,0.012,0.016,-12755450.92,"[('<124.602', 'target'), ('<67.0', 'eic_count'), ('<635.77', 'installed_capacity'), ('<0.024', 'temperature_hist_mean'), ('<-2.365', 'dewpoint_hist_mean'), ('<98.053', 'cloudcover_total_hist_mean'), ('<93.72', 'cloudcover_low_hist_mean'), ('<66.347', 'cloudcover_mid_hist_mean'), ('<0.4', 'direct_solar_radiation_hist_mean'), ('<0.038', 'snowfall_hist_mean')]","[('<60.0', 'eic_count'), ('<581.4', 'installed_capacity'), ('<17.733', 'temperature_hist_mean'), ('<11.945', 'dewpoint_hist_mean'), ('<79.707', 'cloudcover_total_hist_mean'), ('<60.097', 'cloudcover_low_hist_mean'), ('<47.29', 'cloudcover_mid_hist_mean'), ('<314.463', 'direct_solar_radiation_hist_mean'), ('<0.0', 'snowfall_hist_mean')]",152.251,0.601,435.548,0,1,"['target', 'eic_count', 'installed_capacity', 'temperature_hist_mean', 'dewpoint_hist_mean', 'cloudcover_total_hist_mean', 'cloudcover_low_hist_mean', 'cloudcover_mid_hist_mean', 'direct_solar_radiation_hist_mean', 'snowfall_hist_mean']","['target', 'eic_count', 'installed_capacity', 'temperature_hist_mean', 'dewpoint_hist_mean', 'cloudcover_total_hist_mean', 'cloudcover_low_hist_mean', 'direct_solar_radiation_hist_mean', 'snowfall_hist_mean']",1,"[('<60.0', 'eic_count'), ('<583.9', 'installed_capacity'), ('<9.533', 'temperature_hist_mean'), ('<6.825', 'dewpoint_hist_mean'), ('<93.053', 'cloudcover_total_hist_mean'), ('<83.973', 'cloudcover_low_hist_mean'), ('<61.16', 'cloudcover_mid_hist_mean'), ('<7.133', 'direct_solar_radiation_hist_mean'), ('<0.003', 'snowfall_hist_mean')]"
8,yes,Spot,0.012,0.015,-17340244.46,"[('<191.897', 'target'), ('<14.0', 'eic_count'), ('<320.5', 'installed_capacity'), ('<0.249', 'temperature_hist_mean'), ('<-0.476', 'dewpoint_hist_mean'), ('<98.813', 'cloudcover_total_hist_mean'), ('<96.24', 'cloudcover_low_hist_mean'), ('<92.547', 'cloudcover_mid_hist_mean'), ('<5.747', 'direct_solar_radiation_hist_mean'), ('<0.152', 'snowfall_hist_mean')]","[('<14.0', 'eic_count'), ('<320.5', 'installed_capacity'), ('<17.595', 'temperature_hist_mean'), ('<11.207', 'dewpoint_hist_mean'), ('<79.907', 'cloudcover_total_hist_mean'), ('<61.04', 'cloudcover_low_hist_mean'), ('<47.067', 'cloudcover_mid_hist_mean'), ('<357.093', 'direct_solar_radiation_hist_mean'), ('<0.0', 'snowfall_hist_mean')]",228.476,0.122,208.73,0,1,"['target', 'eic_count', 'installed_capacity', 'temperature_hist_mean', 'dewpoint_hist_mean', 'cloudcover_total_hist_mean', 'cloudcover_low_hist_mean', 'cloudcover_mid_hist_mean', 'direct_solar_radiation_hist_mean', 'snowfall_hist_mean']","['target', 'eic_count', 'installed_capacity', 'temperature_hist_mean', 'dewpoint_hist_mean', 'cloudcover_total_hist_mean', 'cloudcover_low_hist_mean', 'direct_solar_radiation_hist_mean', 'snowfall_hist_mean']",1,"[('<14.0', 'eic_count'), ('<320.5', 'installed_capacity'), ('<10.678', 'temperature_hist_mean'), ('<7.577', 'dewpoint_hist_mean'), ('<91.92', 'cloudcover_total_hist_mean'), ('<82.36', 'cloudcover_low_hist_mean'), ('<58.823', 'cloudcover_mid_hist_mean'), ('<14.337', 'direct_solar_radiation_hist_mean'), ('<0.002', 'snowfall_hist_mean')]"
9,no,Spot,0.017,0.017,-16312984.63,"[('<136.282', 'target'), ('<61.0', 'eic_count'), ('<691.05', 'installed_capacity'), ('<-1.56', 'temperature_hist_mean'), ('<-3.434', 'dewpoint_hist_mean'), ('<95.687', 'cloudcover_total_hist_mean'), ('<83.687', 'cloudcover_low_hist_mean'), ('<70.87', 'cloudcover_mid_hist_mean'), ('<1.76', 'direct_solar_radiation_hist_mean'), ('<0.041', 'snowfall_hist_mean')]","[('<48.0', 'eic_count'), ('<568.55', 'installed_capacity'), ('<18.037', 'temperature_hist_mean'), ('<12.224', 'dewpoint_hist_mean'), ('<78.44', 'cloudcover_total_hist_mean'), ('<56.083', 'cloudcover_low_hist_mean'), ('<47.43', 'cloudcover_mid_hist_mean'), ('<317.837', 'direct_solar_radiation_hist_mean'), ('<0.0', 'snowfall_hist_mean')]",156.384,0.806,434.305,0,1,"['target', 'eic_count', 'installed_capacity', 'temperature_hist_mean', 'dewpoint_hist_mean', 'cloudcover_total_hist_mean', 'cloudcover_low_hist_mean', 'cloudcover_mid_hist_mean', 'direct_solar_radiation_hist_mean', 'snowfall_hist_mean']","['target', 'temperature_hist_mean', 'dewpoint_hist_mean', 'cloudcover_total_hist_mean', 'cloudcover_low_hist_mean', 'direct_solar_radiation_hist_mean', 'snowfall_hist_mean']",2,"[('<51.0', 'eic_count'), ('<610.55', 'installed_capacity'), ('<9.452', 'temperature_hist_mean'), ('<6.647', 'dewpoint_hist_mean'), ('<93.293', 'cloudcover_total_hist_mean'), ('<84.533', 'cloudcover_low_hist_mean'), ('<60.893', 'cloudcover_mid_hist_mean'), ('<7.08', 'direct_solar_radiation_hist_mean'), ('<0.003', 'snowfall_hist_mean')]"
10,yes,Spot,0.014,0.018,-146076472.2,"[('<2821.297', 'target'), ('<27.0', 'eic_count'), ('<1.016', 'temperature_hist_mean'), ('<-0.243', 'dewpoint_hist_mean'), ('<98.027', 'cloudcover_total_hist_mean'), ('<93.683', 'cloudcover_low_hist_mean'), ('<0.072', 'snowfall_hist_mean')]","[('<30.0', 'eic_count'), ('<21.207', 'temperature_hist_mean'), ('<14.121', 'dewpoint_hist_mean'), ('<76.787', 'cloudcover_total_hist_mean'), ('<54.853', 'cloudcover_low_hist_mean'), ('<0.0', 'snowfall_hist_mean')]",3036.604,108.564,496.398,0,1,"['target', 'eic_count', 'temperature_hist_mean', 'dewpoint_hist_mean', 'cloudcover_total_hist_mean', 'cloudcover_low_hist_mean', 'snowfall_hist_mean']","['target', 'eic_count', 'installed_capacity', 'temperature_hist_mean', 'dewpoint_hist_mean', 'cloudcover_total_hist_mean', 'cloudcover_low_hist_mean', 'direct_solar_radiation_hist_mean', 'snowfall_hist_mean']",2,"[('<30.0', 'eic_count'), ('<11.479', 'temperature_hist_mean'), ('<7.856', 'dewpoint_hist_mean'), ('<91.013', 'cloudcover_total_hist_mean'), ('<80.787', 'cloudcover_low_hist_mean'), ('<0.001', 'snowfall_hist_mean')]"
11,no,Fixed,0.013,0.015,-9642327.989,"[('<89.328', 'target'), ('<36.0', 'eic_count'), ('<395.2', 'installed_capacity'), ('<-1.926', 'temperature_hist_mean'), ('<-3.828', 'dewpoint_hist_mean'), ('<96.533', 'cloudcover_total_hist_mean'), ('<85.36', 'cloudcover_low_hist_mean'), ('<70.593', 'cloudcover_mid_hist_mean'), ('<1.613', 'direct_solar_radiation_hist_mean'), ('<0.036', 'snowfall_hist_mean')]","[('<31.0', 'eic_count'), ('<314.5', 'installed_capacity'), ('<18.243', 'temperature_hist_mean'), ('<12.22', 'dewpoint_hist_mean'), ('<78.907', 'cloudcover_total_hist_mean'), ('<57.0', 'cloudcover_low_hist_mean'), ('<47.613', 'cloudcover_mid_hist_mean'), ('<328.933', 'direct_solar_radiation_hist_mean'), ('<0.0', 'snowfall_hist_mean')]",121.387,0.73,254.558,0,1,"['target', 'eic_count', 'installed_capacity', 'temperature_hist_mean', 'dewpoint_hist_mean', 'cloudcover_total_hist_mean', 'cloudcover_low_hist_mean', 'cloudcover_mid_hist_mean', 'direct_solar_radiation_hist_mean', 'snowfall_hist_mean']","['target', 'eic_count', 'temperature_hist_mean', 'dewpoint_hist_mean', 'cloudcover_total_hist_mean', 'cloudcover_low_hist_mean', 'direct_solar_radiation_hist_mean', 'snowfall_hist_mean']",3,"[('<35.0', 'eic_count'), ('<382.0', 'installed_capacity'), ('<9.724', 'temperature_hist_mean'), ('<6.835', 'dewpoint_hist_mean'), ('<92.813', 'cloudcover_total_hist_mean'), ('<83.813', 'cloudcover_low_hist_mean'), ('<60.573', 'cloudcover_mid_hist_mean'), ('<7.853', 'direct_solar_radiation_hist_mean'), ('<0.003', 'snowfall_hist_mean')]"
12,no,Spot,0.026,0.017,-22518522.93,"[('<224.207', 'target'), ('<99.0', 'eic_count'), ('<1298.43', 'installed_capacity'), ('<-1.88', 'temperature_hist_mean'), ('<-3.683', 'dewpoint_hist_mean'), ('<97.16', 'cloudcover_total_hist_mean'), ('<87.48', 'cloudcover_low_hist_mean'), ('<76.133', 'cloudcover_mid_hist_mean'), ('<2.347', 'direct_solar_radiation_hist_mean'), ('<0.053', 'snowfall_hist_mean')]","[('<70.0', 'eic_count'), ('<974.03', 'installed_capacity'), ('<17.956', 'temperature_hist_mean'), ('<12.16', 'dewpoint_hist_mean'), ('<78.787', 'cloudcover_total_hist_mean'), ('<56.707', 'cloudcover_low_hist_mean'), ('<47.427', 'cloudcover_mid_hist_mean'), ('<312.267', 'direct_solar_radiation_hist_mean'), ('<0.0', 'snowfall_hist_mean')]",278.501,0.787,727.329,0,1,"['target', 'eic_count', 'installed_capacity', 'temperature_hist_mean', 'dewpoint_hist_mean', 'cloudcover_total_hist_mean', 'cloudcover_low_hist_mean', 'cloudcover_mid_hist_mean', 'direct_solar_radiation_hist_mean', 'snowfall_hist_mean']","['target', 'temperature_hist_mean', 'dewpoint_hist_mean', 'cloudcover_total_hist_mean', 'cloudcover_low_hist_mean', 'direct_solar_radiation_hist_mean', 'snowfall_hist_mean']",3,"[('<79.0', 'eic_count'), ('<1081.63', 'installed_capacity'), ('<9.378', 'temperature_hist_mean'), ('<6.631', 'dewpoint_hist_mean'), ('<93.347', 'cloudcover_total_hist_mean'), ('<84.547', 'cloudcover_low_hist_mean'), ('<61.15', 'cloudcover_mid_hist_mean'), ('<6.853', 'direct_solar_radiation_hist_mean'), ('<0.003', 'snowfall_hist_mean')]"
13,yes,Fixed,0.015,0.015,-44212802.23,"[('<217.465', 'target'), ('<14.0', 'eic_count'), ('<263.9', 'installed_capacity'), ('<0.595', 'temperature_hist_mean'), ('<-0.493', 'dewpoint_hist_mean'), ('<96.513', 'cloudcover_total_hist_mean'), ('<92.147', 'cloudcover_low_hist_mean'), ('<4.953', 'direct_solar_radiation_hist_mean'), ('<0.044', 'snowfall_hist_mean')]","[('<15.0', 'eic_count'), ('<308.9', 'installed_capacity'), ('<20.497', 'temperature_hist_mean'), ('<13.817', 'dewpoint_hist_mean'), ('<73.44', 'cloudcover_total_hist_mean'), ('<49.08', 'cloudcover_low_hist_mean'), ('<384.053', 'direct_solar_radiation_hist_mean'), ('<0.0', 'snowfall_hist_mean')]",239.32,2.503,209.356,0,1,"['target', 'eic_count', 'installed_capacity', 'temperature_hist_mean', 'dewpoint_hist_mean', 'cloudcover_total_hist_mean', 'cloudcover_low_hist_mean', 'direct_solar_radiation_hist_mean', 'snowfall_hist_mean']","['target', 'eic_count', 'installed_capacity', 'temperature_hist_mean', 'dewpoint_hist_mean', 'cloudcover_total_hist_mean', 'cloudcover_low_hist_mean', 'direct_solar_radiation_hist_mean', 'snowfall_hist_mean']",3,"[('<14.0', 'eic_count'), ('<263.9', 'installed_capacity'), ('<10.694', 'temperature_hist_mean'), ('<7.34', 'dewpoint_hist_mean'), ('<91.92', 'cloudcover_total_hist_mean'), ('<82.387', 'cloudcover_low_hist_mean'), ('<20.22', 'direct_solar_radiation_hist_mean'), ('<0.001', 'snowfall_hist_mean')]"
14,yes,Spot,0.015,0.013,-357649211,"[('<1569.576', 'target'), ('<40.0', 'eic_count'), ('<2382.7', 'installed_capacity'), ('<14.267', 'temperature_hist_mean'), ('<8.825', 'dewpoint_hist_mean'), ('<88.34', 'cloudcover_total_hist_mean'), ('<79.53', 'cloudcover_low_hist_mean'), ('<44.457', 'cloudcover_mid_hist_mean'), ('<383.653', 'direct_solar_radiation_hist_mean'), ('<0.005', 'snowfall_hist_mean')]","[('<49.0', 'eic_count'), ('<2560.7', 'installed_capacity'), ('<19.007', 'temperature_hist_mean'), ('<12.425', 'dewpoint_hist_mean'), ('<73.957', 'cloudcover_total_hist_mean'), ('<52.627', 'cloudcover_low_hist_mean'), ('<45.223', 'cloudcover_mid_hist_mean'), ('<397.97', 'direct_solar_radiation_hist_mean'), ('<0.0', 'snowfall_hist_mean')]",1702.566,42.571,1422.079,0,1,"['target', 'eic_count', 'installed_capacity', 'temperature_hist_mean', 'dewpoint_hist_mean', 'cloudcover_total_hist_mean', 'cloudcover_low_hist_mean', 'cloudcover_mid_hist_mean', 'direct_solar_radiation_hist_mean', 'snowfall_hist_mean']","['target', 'temperature_hist_mean', 'dewpoint_hist_mean', 'cloudcover_total_hist_mean', 'cloudcover_low_hist_mean', 'direct_solar_radiation_hist_mean', 'snowfall_hist_mean']",3,"[('<50.0', 'eic_count'), ('<2710.7', 'installed_capacity'), ('<11.079', 'temperature_hist_mean'), ('<7.676', 'dewpoint_hist_mean'), ('<91.68', 'cloudcover_total_hist_mean'), ('<81.96', 'cloudcover_low_hist_mean'), ('<58.267', 'cloudcover_mid_hist_mean'), ('<24.04', 'direct_solar_radiation_hist_mean'), ('<0.001', 'snowfall_hist_mean')]"
15,no,Fixed,0.029,0.018,-3222759.216,"[('<39.553', 'target'), ('<19.0', 'eic_count'), ('<303.8', 'installed_capacity'), ('<-1.205', 'temperature_hist_mean'), ('<-3.319', 'dewpoint_hist_mean'), ('<97.623', 'cloudcover_total_hist_mean'), ('<93.143', 'cloudcover_low_hist_mean'), ('<69.197', 'cloudcover_mid_hist_mean'), ('<1.503', 'direct_solar_radiation_hist_mean'), ('<0.038', 'snowfall_hist_mean')]","[('<20.0', 'eic_count'), ('<311.8', 'installed_capacity'), ('<17.831', 'temperature_hist_mean'), ('<12.12', 'dewpoint_hist_mean'), ('<78.573', 'cloudcover_total_hist_mean'), ('<56.68', 'cloudcover_low_hist_mean'), ('<47.427', 'cloudcover_mid_hist_mean'), ('<318.627', 'direct_solar_radiation_hist_mean'), ('<0.0', 'snowfall_hist_mean')]",104.585,0.036,134.036,0,1,"['target', 'eic_count', 'installed_capacity', 'temperature_hist_mean', 'dewpoint_hist_mean', 'cloudcover_total_hist_mean', 'cloudcover_low_hist_mean', 'cloudcover_mid_hist_mean', 'direct_solar_radiation_hist_mean', 'snowfall_hist_mean']","['target', 'eic_count', 'installed_capacity', 'temperature_hist_mean', 'dewpoint_hist_mean', 'cloudcover_total_hist_mean', 'cloudcover_low_hist_mean', 'direct_solar_radiation_hist_mean', 'snowfall_hist_mean']",4,"[('<19.0', 'eic_count'), ('<303.8', 'installed_capacity'), ('<9.691', 'temperature_hist_mean'), ('<6.794', 'dewpoint_hist_mean'), ('<93.063', 'cloudcover_total_hist_mean'), ('<84.19', 'cloudcover_low_hist_mean'), ('<60.85', 'cloudcover_mid_hist_mean'), ('<7.317', 'direct_solar_radiation_hist_mean'), ('<0.003', 'snowfall_hist_mean')]"
16,no,Spot,0.023,0.015,-12841295.8,"[('<126.255', 'target'), ('<69.0', 'eic_count'), ('<1002.0', 'installed_capacity'), ('<-1.905', 'temperature_hist_mean'), ('<-3.868', 'dewpoint_hist_mean'), ('<93.867', 'cloudcover_total_hist_mean'), ('<83.72', 'cloudcover_low_hist_mean'), ('<63.373', 'cloudcover_mid_hist_mean'), ('<2.667', 'direct_solar_radiation_hist_mean'), ('<0.029', 'snowfall_hist_mean')]","[('<53.0', 'eic_count'), ('<654.0', 'installed_capacity'), ('<17.779', 'temperature_hist_mean'), ('<12.051', 'dewpoint_hist_mean'), ('<79.137', 'cloudcover_total_hist_mean'), ('<58.253', 'cloudcover_low_hist_mean'), ('<47.49', 'cloudcover_mid_hist_mean'), ('<309.367', 'direct_solar_radiation_hist_mean'), ('<0.0', 'snowfall_hist_mean')]",328.717,0.364,493.687,0,1,"['target', 'eic_count', 'installed_capacity', 'temperature_hist_mean', 'dewpoint_hist_mean', 'cloudcover_total_hist_mean', 'cloudcover_low_hist_mean', 'cloudcover_mid_hist_mean', 'direct_solar_radiation_hist_mean', 'snowfall_hist_mean']","['target', 'installed_capacity', 'temperature_hist_mean', 'dewpoint_hist_mean', 'cloudcover_total_hist_mean', 'cloudcover_low_hist_mean', 'direct_solar_radiation_hist_mean', 'snowfall_hist_mean']",4,"[('<59.0', 'eic_count'), ('<740.0', 'installed_capacity'), ('<9.44', 'temperature_hist_mean'), ('<6.668', 'dewpoint_hist_mean'), ('<93.307', 'cloudcover_total_hist_mean'), ('<84.547', 'cloudcover_low_hist_mean'), ('<61.24', 'cloudcover_mid_hist_mean'), ('<6.787', 'direct_solar_radiation_hist_mean'), ('<0.004', 'snowfall_hist_mean')]"
17,yes,Combined,0.012,0.016,-129108756.4,"[('<1058.989', 'target'), ('<8.0', 'eic_count'), ('<1710.0', 'installed_capacity'), ('<7.588', 'dewpoint_hist_mean'), ('<33.71', 'direct_solar_radiation_hist_mean')]","[('<8.0', 'eic_count'), ('<1710.0', 'installed_capacity'), ('<12.563', 'dewpoint_hist_mean'), ('<359.04', 'direct_solar_radiation_hist_mean')]",1209.75,0,928.391,0,1,"['target', 'eic_count', 'installed_capacity', 'dewpoint_hist_mean', 'direct_solar_radiation_hist_mean']","['target', 'installed_capacity', 'temperature_hist_mean', 'dewpoint_hist_mean', 'cloudcover_total_hist_mean', 'cloudcover_low_hist_mean', 'direct_solar_radiation_hist_mean']",4,"[('<8.0', 'eic_count'), ('<1710.0', 'installed_capacity'), ('<7.6', 'dewpoint_hist_mean'), ('<25.14', 'direct_solar_radiation_hist_mean')]"
18,yes,Spot,0.015,0.014,-183360035.7,"[('<1366.562', 'target'), ('<36.0', 'eic_count'), ('<1211.0', 'installed_capacity'), ('<7.907', 'temperature_hist_mean'), ('<5.36', 'dewpoint_hist_mean'), ('<98.67', 'cloudcover_total_hist_mean'), ('<94.553', 'cloudcover_low_hist_mean'), ('<16.817', 'direct_solar_radiation_hist_mean'), ('<0.04', 'snowfall_hist_mean')]","[('<36.0', 'eic_count'), ('<1249.5', 'installed_capacity'), ('<18.539', 'temperature_hist_mean'), ('<11.859', 'dewpoint_hist_mean'), ('<76.983', 'cloudcover_total_hist_mean'), ('<55.0', 'cloudcover_low_hist_mean'), ('<375.923', 'direct_solar_radiation_hist_mean'), ('<0.0', 'snowfall_hist_mean')]",1512.696,18.822,820.28,0,1,"['target', 'eic_count', 'installed_capacity', 'temperature_hist_mean', 'dewpoint_hist_mean', 'cloudcover_total_hist_mean', 'cloudcover_low_hist_mean', 'direct_solar_radiation_hist_mean', 'snowfall_hist_mean']","['target', 'eic_count', 'temperature_hist_mean', 'dewpoint_hist_mean', 'cloudcover_total_hist_mean', 'cloudcover_low_hist_mean', 'direct_solar_radiation_hist_mean', 'snowfall_hist_mean']",4,"[('<36.0', 'eic_count'), ('<1274.5', 'installed_capacity'), ('<11.471', 'temperature_hist_mean'), ('<7.888', 'dewpoint_hist_mean'), ('<91.227', 'cloudcover_total_hist_mean'), ('<81.2', 'cloudcover_low_hist_mean'), ('<34.0', 'direct_solar_radiation_hist_mean'), ('<0.001', 'snowfall_hist_mean')]"
19,no,Fixed,0.022,0.015,-13678161.58,"[('<131.866', 'target'), ('<55.0', 'eic_count'), ('<577.0', 'installed_capacity'), ('<-1.498', 'temperature_hist_mean'), ('<-3.677', 'dewpoint_hist_mean'), ('<97.543', 'cloudcover_total_hist_mean'), ('<88.223', 'cloudcover_low_hist_mean'), ('<76.007', 'cloudcover_mid_hist_mean'), ('<1.177', 'direct_solar_radiation_hist_mean'), ('<0.041', 'snowfall_hist_mean')]","[('<40.0', 'eic_count'), ('<433.7', 'installed_capacity'), ('<18.32', 'temperature_hist_mean'), ('<12.293', 'dewpoint_hist_mean'), ('<78.72', 'cloudcover_total_hist_mean'), ('<56.373', 'cloudcover_low_hist_mean'), ('<47.693', 'cloudcover_mid_hist_mean'), ('<329.147', 'direct_solar_radiation_hist_mean'), ('<0.0', 'snowfall_hist_mean')]",163.821,1.284,277.018,0,1,"['target', 'eic_count', 'installed_capacity', 'temperature_hist_mean', 'dewpoint_hist_mean', 'cloudcover_total_hist_mean', 'cloudcover_low_hist_mean', 'cloudcover_mid_hist_mean', 'direct_solar_radiation_hist_mean', 'snowfall_hist_mean']","['target', 'temperature_hist_mean', 'dewpoint_hist_mean', 'cloudcover_total_hist_mean', 'cloudcover_low_hist_mean', 'direct_solar_radiation_hist_mean', 'snowfall_hist_mean']",5,"[('<48.0', 'eic_count'), ('<522.4', 'installed_capacity'), ('<9.755', 'temperature_hist_mean'), ('<6.822', 'dewpoint_hist_mean'), ('<92.827', 'cloudcover_total_hist_mean'), ('<83.883', 'cloudcover_low_hist_mean'), ('<60.403', 'cloudcover_mid_hist_mean'), ('<7.947', 'direct_solar_radiation_hist_mean'), ('<0.003', 'snowfall_hist_mean')]"
20,no,Spot,0.023,0.022,-39557934.4,"[('<326.907', 'target'), ('<171.0', 'eic_count'), ('<1943.85', 'installed_capacity'), ('<-1.648', 'temperature_hist_mean'), ('<-3.589', 'dewpoint_hist_mean'), ('<96.643', 'cloudcover_total_hist_mean'), ('<85.463', 'cloudcover_low_hist_mean'), ('<68.207', 'cloudcover_mid_hist_mean'), ('<1.703', 'direct_solar_radiation_hist_mean'), ('<0.038', 'snowfall_hist_mean')]","[('<135.0', 'eic_count'), ('<1567.15', 'installed_capacity'), ('<18.006', 'temperature_hist_mean'), ('<12.163', 'dewpoint_hist_mean'), ('<78.347', 'cloudcover_total_hist_mean'), ('<55.997', 'cloudcover_low_hist_mean'), ('<47.42', 'cloudcover_mid_hist_mean'), ('<318.437', 'direct_solar_radiation_hist_mean'), ('<0.0', 'snowfall_hist_mean')]",388.37,3.405,1101.454,0,1,"['target', 'eic_count', 'installed_capacity', 'temperature_hist_mean', 'dewpoint_hist_mean', 'cloudcover_total_hist_mean', 'cloudcover_low_hist_mean', 'cloudcover_mid_hist_mean', 'direct_solar_radiation_hist_mean', 'snowfall_hist_mean']","['target', 'temperature_hist_mean', 'dewpoint_hist_mean', 'cloudcover_total_hist_mean', 'cloudcover_low_hist_mean', 'direct_solar_radiation_hist_mean', 'snowfall_hist_mean']",5,"[('<141.0', 'eic_count'), ('<1658.15', 'installed_capacity'), ('<9.487', 'temperature_hist_mean'), ('<6.685', 'dewpoint_hist_mean'), ('<93.24', 'cloudcover_total_hist_mean'), ('<84.52', 'cloudcover_low_hist_mean'), ('<60.947', 'cloudcover_mid_hist_mean'), ('<7.093', 'direct_solar_radiation_hist_mean'), ('<0.003', 'snowfall_hist_mean')]"
21,yes,Combined,0,0.017,-419329375.3,"[('<nan', 'target'), ('<nan', 'installed_capacity'), ('<nan', 'cloudcover_total_hist_mean'), ('<nan', 'direct_solar_radiation_hist_mean')]","[('<1217.6', 'installed_capacity'), ('<69.827', 'cloudcover_total_hist_mean'), ('<398.693', 'direct_solar_radiation_hist_mean')]",1425.77,0,1039.83,0,1,"['target', 'installed_capacity', 'cloudcover_total_hist_mean', 'direct_solar_radiation_hist_mean']","['target', 'installed_capacity', 'temperature_hist_mean', 'dewpoint_hist_mean', 'cloudcover_low_hist_mean', 'direct_solar_radiation_hist_mean']",5,"[('<1212.6', 'installed_capacity'), ('<90.4', 'cloudcover_total_hist_mean'), ('<42.703', 'direct_solar_radiation_hist_mean')]"
22,yes,Fixed,0.025,0.017,-54019122.75,"[('<396.102', 'target'), ('<16.0', 'eic_count'), ('<390.5', 'installed_capacity'), ('<6.739', 'temperature_hist_mean'), ('<4.784', 'dewpoint_hist_mean'), ('<98.68', 'cloudcover_total_hist_mean'), ('<95.013', 'cloudcover_low_hist_mean'), ('<86.84', 'cloudcover_mid_hist_mean'), ('<10.787', 'direct_solar_radiation_hist_mean'), ('<0.041', 'snowfall_hist_mean')]","[('<14.0', 'eic_count'), ('<343.5', 'installed_capacity'), ('<19.647', 'temperature_hist_mean'), ('<12.847', 'dewpoint_hist_mean'), ('<75.36', 'cloudcover_total_hist_mean'), ('<51.213', 'cloudcover_low_hist_mean'), ('<47.427', 'cloudcover_mid_hist_mean'), ('<384.787', 'direct_solar_radiation_hist_mean'), ('<0.0', 'snowfall_hist_mean')]",450.576,1.618,216.033,0,1,"['target', 'eic_count', 'installed_capacity', 'temperature_hist_mean', 'dewpoint_hist_mean', 'cloudcover_total_hist_mean', 'cloudcover_low_hist_mean', 'cloudcover_mid_hist_mean', 'direct_solar_radiation_hist_mean', 'snowfall_hist_mean']","['target', 'temperature_hist_mean', 'dewpoint_hist_mean', 'cloudcover_total_hist_mean', 'cloudcover_low_hist_mean', 'direct_solar_radiation_hist_mean', 'snowfall_hist_mean']",5,"[('<14.0', 'eic_count'), ('<343.5', 'installed_capacity'), ('<11.037', 'temperature_hist_mean'), ('<7.566', 'dewpoint_hist_mean'), ('<91.573', 'cloudcover_total_hist_mean'), ('<81.71', 'cloudcover_low_hist_mean'), ('<57.92', 'cloudcover_mid_hist_mean'), ('<27.067', 'direct_solar_radiation_hist_mean'), ('<0.001', 'snowfall_hist_mean')]"
23,yes,Spot,0.031,0.019,-309678472.2,"[('<2162.495', 'target'), ('<94.0', 'eic_count'), ('<4502.5', 'installed_capacity'), ('<-0.93', 'temperature_hist_mean'), ('<-3.327', 'dewpoint_hist_mean'), ('<98.87', 'cloudcover_total_hist_mean'), ('<92.247', 'cloudcover_low_hist_mean'), ('<87.31', 'cloudcover_mid_hist_mean'), ('<3.94', 'direct_solar_radiation_hist_mean'), ('<0.051', 'snowfall_hist_mean')]","[('<78.0', 'eic_count'), ('<2927.7', 'installed_capacity'), ('<18.86', 'temperature_hist_mean'), ('<12.34', 'dewpoint_hist_mean'), ('<76.07', 'cloudcover_total_hist_mean'), ('<54.447', 'cloudcover_low_hist_mean'), ('<48.36', 'cloudcover_mid_hist_mean'), ('<377.633', 'direct_solar_radiation_hist_mean'), ('<0.0', 'snowfall_hist_mean')]",2489.182,92.495,1930.448,0,1,"['target', 'eic_count', 'installed_capacity', 'temperature_hist_mean', 'dewpoint_hist_mean', 'cloudcover_total_hist_mean', 'cloudcover_low_hist_mean', 'cloudcover_mid_hist_mean', 'direct_solar_radiation_hist_mean', 'snowfall_hist_mean']","['target', 'temperature_hist_mean', 'dewpoint_hist_mean', 'cloudcover_total_hist_mean', 'cloudcover_low_hist_mean', 'direct_solar_radiation_hist_mean', 'snowfall_hist_mean']",5,"[('<84.0', 'eic_count'), ('<3108.2', 'installed_capacity'), ('<10.712', 'temperature_hist_mean'), ('<7.456', 'dewpoint_hist_mean'), ('<92.093', 'cloudcover_total_hist_mean'), ('<82.6', 'cloudcover_low_hist_mean'), ('<58.52', 'cloudcover_mid_hist_mean'), ('<16.707', 'direct_solar_radiation_hist_mean'), ('<0.001', 'snowfall_hist_mean')]"
24,yes,Spot,0.037,0.015,-50175080.35,"[('<564.73', 'target'), ('<18.0', 'eic_count'), ('<645.2', 'installed_capacity'), ('<2.991', 'temperature_hist_mean'), ('<-0.205', 'dewpoint_hist_mean'), ('<98.68', 'cloudcover_total_hist_mean'), ('<95.11', 'cloudcover_low_hist_mean'), ('<7.593', 'direct_solar_radiation_hist_mean'), ('<0.039', 'snowfall_hist_mean')]","[('<11.0', 'eic_count'), ('<538.7', 'installed_capacity'), ('<19.684', 'temperature_hist_mean'), ('<12.973', 'dewpoint_hist_mean'), ('<78.92', 'cloudcover_total_hist_mean'), ('<56.52', 'cloudcover_low_hist_mean'), ('<375.067', 'direct_solar_radiation_hist_mean'), ('<0.0', 'snowfall_hist_mean')]",983.878,7.398,167.491,0,1,"['target', 'eic_count', 'installed_capacity', 'temperature_hist_mean', 'dewpoint_hist_mean', 'cloudcover_total_hist_mean', 'cloudcover_low_hist_mean', 'direct_solar_radiation_hist_mean', 'snowfall_hist_mean']","['target', 'temperature_hist_mean', 'dewpoint_hist_mean', 'cloudcover_total_hist_mean', 'cloudcover_low_hist_mean', 'direct_solar_radiation_hist_mean', 'snowfall_hist_mean']",6,"[('<12.0', 'eic_count'), ('<538.7', 'installed_capacity'), ('<11.42', 'temperature_hist_mean'), ('<7.817', 'dewpoint_hist_mean'), ('<91.053', 'cloudcover_total_hist_mean'), ('<81.013', 'cloudcover_low_hist_mean'), ('<40.063', 'direct_solar_radiation_hist_mean'), ('<0.001', 'snowfall_hist_mean')]"
25,no,Fixed,0.027,0.021,-16140933.48,"[('<208.608', 'target'), ('<90.0', 'eic_count'), ('<1046.8', 'installed_capacity'), ('<-1.388', 'temperature_hist_mean'), ('<-3.585', 'dewpoint_hist_mean'), ('<98.477', 'cloudcover_total_hist_mean'), ('<92.4', 'cloudcover_low_hist_mean'), ('<73.933', 'cloudcover_mid_hist_mean'), ('<1.163', 'direct_solar_radiation_hist_mean'), ('<0.04', 'snowfall_hist_mean')]","[('<84.0', 'eic_count'), ('<985.3', 'installed_capacity'), ('<18.451', 'temperature_hist_mean'), ('<12.407', 'dewpoint_hist_mean'), ('<78.177', 'cloudcover_total_hist_mean'), ('<55.867', 'cloudcover_low_hist_mean'), ('<47.037', 'cloudcover_mid_hist_mean'), ('<326.507', 'direct_solar_radiation_hist_mean'), ('<0.0', 'snowfall_hist_mean')]",260.39,1.158,626.852,0,1,"['target', 'eic_count', 'installed_capacity', 'temperature_hist_mean', 'dewpoint_hist_mean', 'cloudcover_total_hist_mean', 'cloudcover_low_hist_mean', 'cloudcover_mid_hist_mean', 'direct_solar_radiation_hist_mean', 'snowfall_hist_mean']","['target', 'eic_count', 'installed_capacity', 'temperature_hist_mean', 'dewpoint_hist_mean', 'cloudcover_total_hist_mean', 'cloudcover_low_hist_mean', 'direct_solar_radiation_hist_mean', 'snowfall_hist_mean']",7,"[('<85.0', 'eic_count'), ('<1008.8', 'installed_capacity'), ('<9.543', 'temperature_hist_mean'), ('<6.751', 'dewpoint_hist_mean'), ('<93.04', 'cloudcover_total_hist_mean'), ('<84.013', 'cloudcover_low_hist_mean'), ('<60.827', 'cloudcover_mid_hist_mean'), ('<7.6', 'direct_solar_radiation_hist_mean'), ('<0.003', 'snowfall_hist_mean')]"
26,no,General service,0.006,0.016,-2533372.709,"[('<17.454', 'target'), ('<8.0', 'eic_count'), ('<0.405', 'temperature_hist_mean'), ('<-1.913', 'dewpoint_hist_mean'), ('<99.307', 'cloudcover_total_hist_mean'), ('<92.427', 'cloudcover_low_hist_mean'), ('<88.107', 'cloudcover_mid_hist_mean'), ('<5.693', 'direct_solar_radiation_hist_mean'), ('<0.028', 'snowfall_hist_mean')]","[('<7.0', 'eic_count'), ('<15.031', 'temperature_hist_mean'), ('<9.811', 'dewpoint_hist_mean'), ('<84.16', 'cloudcover_total_hist_mean'), ('<70.48', 'cloudcover_low_hist_mean'), ('<45.507', 'cloudcover_mid_hist_mean'), ('<289.347', 'direct_solar_radiation_hist_mean'), ('<0.0', 'snowfall_hist_mean')]",22.394,0.067,50.666,0,1,"['target', 'eic_count', 'temperature_hist_mean', 'dewpoint_hist_mean', 'cloudcover_total_hist_mean', 'cloudcover_low_hist_mean', 'cloudcover_mid_hist_mean', 'direct_solar_radiation_hist_mean', 'snowfall_hist_mean']","['target', 'temperature_hist_mean', 'dewpoint_hist_mean', 'cloudcover_total_hist_mean', 'cloudcover_low_hist_mean', 'direct_solar_radiation_hist_mean', 'snowfall_hist_mean']",7,"[('<8.0', 'eic_count'), ('<8.981', 'temperature_hist_mean'), ('<6.264', 'dewpoint_hist_mean'), ('<95.28', 'cloudcover_total_hist_mean'), ('<87.907', 'cloudcover_low_hist_mean'), ('<64.813', 'cloudcover_mid_hist_mean'), ('<7.133', 'direct_solar_radiation_hist_mean'), ('<0.006', 'snowfall_hist_mean')]"
27,no,Spot,0.019,0.02,-60502049.26,"[('<522.672', 'target'), ('<266.0', 'eic_count'), ('<3112.76', 'installed_capacity'), ('<-1.287', 'temperature_hist_mean'), ('<-3.503', 'dewpoint_hist_mean'), ('<98.227', 'cloudcover_total_hist_mean'), ('<88.333', 'cloudcover_low_hist_mean'), ('<73.88', 'cloudcover_mid_hist_mean'), ('<0.453', 'direct_solar_radiation_hist_mean'), ('<0.035', 'snowfall_hist_mean')]","[('<198.0', 'eic_count'), ('<2371.58', 'installed_capacity'), ('<18.107', 'temperature_hist_mean'), ('<12.225', 'dewpoint_hist_mean'), ('<78.72', 'cloudcover_total_hist_mean'), ('<56.347', 'cloudcover_low_hist_mean'), ('<47.027', 'cloudcover_mid_hist_mean'), ('<316.747', 'direct_solar_radiation_hist_mean'), ('<0.0', 'snowfall_hist_mean')]",608.214,7.434,1702.627,0.001,1,"['target', 'eic_count', 'installed_capacity', 'temperature_hist_mean', 'dewpoint_hist_mean', 'cloudcover_total_hist_mean', 'cloudcover_low_hist_mean', 'cloudcover_mid_hist_mean', 'direct_solar_radiation_hist_mean', 'snowfall_hist_mean']","['target', 'temperature_hist_mean', 'dewpoint_hist_mean', 'cloudcover_total_hist_mean', 'cloudcover_low_hist_mean', 'direct_solar_radiation_hist_mean', 'snowfall_hist_mean']",7,"[('<209.0', 'eic_count'), ('<2499.58', 'installed_capacity'), ('<9.425', 'temperature_hist_mean'), ('<6.683', 'dewpoint_hist_mean'), ('<93.187', 'cloudcover_total_hist_mean'), ('<84.35', 'cloudcover_low_hist_mean'), ('<61.19', 'cloudcover_mid_hist_mean'), ('<7.107', 'direct_solar_radiation_hist_mean'), ('<0.003', 'snowfall_hist_mean')]"
28,yes,Combined,0.026,0.014,-167283866.2,"[('<1068.804', 'target'), ('<14.0', 'eic_count'), ('<2018.6', 'installed_capacity'), ('<11.286', 'temperature_hist_mean'), ('<91.223', 'cloudcover_total_hist_mean'), ('<83.117', 'cloudcover_low_hist_mean'), ('<45.293', 'direct_solar_radiation_hist_mean')]","[('<14.0', 'eic_count'), ('<1468.6', 'installed_capacity'), ('<19.408', 'temperature_hist_mean'), ('<76.983', 'cloudcover_total_hist_mean'), ('<55.0', 'cloudcover_low_hist_mean'), ('<363.643', 'direct_solar_radiation_hist_mean')]",1390.51,0.402,1082.421,0,1,"['target', 'eic_count', 'installed_capacity', 'temperature_hist_mean', 'cloudcover_total_hist_mean', 'cloudcover_low_hist_mean', 'direct_solar_radiation_hist_mean']","['target', 'temperature_hist_mean', 'dewpoint_hist_mean', 'cloudcover_total_hist_mean', 'cloudcover_low_hist_mean', 'direct_solar_radiation_hist_mean']",7,"[('<14.0', 'eic_count'), ('<1468.6', 'installed_capacity'), ('<10.997', 'temperature_hist_mean'), ('<91.667', 'cloudcover_total_hist_mean'), ('<82.0', 'cloudcover_low_hist_mean'), ('<23.56', 'direct_solar_radiation_hist_mean')]"
29,yes,Fixed,0.029,0.019,-87413472.95,"[('<1190.656', 'target'), ('<22.0', 'eic_count'), ('<1787.1', 'installed_capacity'), ('<98.773', 'cloudcover_total_hist_mean'), ('<95.257', 'cloudcover_low_hist_mean'), ('<6.17', 'direct_solar_radiation_hist_mean')]","[('<18.0', 'eic_count'), ('<1701.1', 'installed_capacity'), ('<73.95', 'cloudcover_total_hist_mean'), ('<53.81', 'cloudcover_low_hist_mean'), ('<377.017', 'direct_solar_radiation_hist_mean')]",1398.094,0.02,1128.686,0,1,"['target', 'eic_count', 'installed_capacity', 'cloudcover_total_hist_mean', 'cloudcover_low_hist_mean', 'direct_solar_radiation_hist_mean']","['target', 'installed_capacity', 'temperature_hist_mean', 'dewpoint_hist_mean', 'cloudcover_total_hist_mean', 'cloudcover_low_hist_mean', 'direct_solar_radiation_hist_mean']",7,"[('<20.0', 'eic_count'), ('<1731.1', 'installed_capacity'), ('<91.773', 'cloudcover_total_hist_mean'), ('<82.0', 'cloudcover_low_hist_mean'), ('<23.4', 'direct_solar_radiation_hist_mean')]"
30,yes,Spot,0.007,0.02,-265431407,"[('<1583.726', 'target'), ('<2327.2', 'installed_capacity'), ('<0.959', 'temperature_hist_mean'), ('<0.099', 'dewpoint_hist_mean'), ('<98.727', 'cloudcover_total_hist_mean'), ('<95.787', 'cloudcover_low_hist_mean'), ('<7.307', 'direct_solar_radiation_hist_mean'), ('<0.117', 'snowfall_hist_mean')]","[('<2384.8', 'installed_capacity'), ('<18.421', 'temperature_hist_mean'), ('<11.712', 'dewpoint_hist_mean'), ('<76.387', 'cloudcover_total_hist_mean'), ('<56.507', 'cloudcover_low_hist_mean'), ('<374.707', 'direct_solar_radiation_hist_mean'), ('<0.0', 'snowfall_hist_mean')]",1682.319,71.304,1484.557,0,1,"['target', 'installed_capacity', 'temperature_hist_mean', 'dewpoint_hist_mean', 'cloudcover_total_hist_mean', 'cloudcover_low_hist_mean', 'direct_solar_radiation_hist_mean', 'snowfall_hist_mean']","['target', 'temperature_hist_mean', 'dewpoint_hist_mean', 'cloudcover_total_hist_mean', 'cloudcover_low_hist_mean', 'direct_solar_radiation_hist_mean', 'snowfall_hist_mean']",7,"[('<2287.3', 'installed_capacity'), ('<11.372', 'temperature_hist_mean'), ('<7.856', 'dewpoint_hist_mean'), ('<91.417', 'cloudcover_total_hist_mean'), ('<81.507', 'cloudcover_low_hist_mean'), ('<29.837', 'direct_solar_radiation_hist_mean'), ('<0.001', 'snowfall_hist_mean')]"
31,no,Fixed,0.031,0.018,-6056325.093,"[('<52.767', 'target'), ('<-2.026', 'temperature_hist_mean'), ('<-3.696', 'dewpoint_hist_mean'), ('<96.94', 'cloudcover_total_hist_mean'), ('<88.227', 'cloudcover_low_hist_mean'), ('<71.527', 'cloudcover_mid_hist_mean'), ('<2.147', 'direct_solar_radiation_hist_mean'), ('<0.04', 'snowfall_hist_mean')]","[('<18.547', 'temperature_hist_mean'), ('<12.431', 'dewpoint_hist_mean'), ('<77.777', 'cloudcover_total_hist_mean'), ('<55.303', 'cloudcover_low_hist_mean'), ('<47.113', 'cloudcover_mid_hist_mean'), ('<330.72', 'direct_solar_radiation_hist_mean'), ('<0.0', 'snowfall_hist_mean')]",239.014,0.078,375.187,0,1,"['target', 'temperature_hist_mean', 'dewpoint_hist_mean', 'cloudcover_total_hist_mean', 'cloudcover_low_hist_mean', 'cloudcover_mid_hist_mean', 'direct_solar_radiation_hist_mean', 'snowfall_hist_mean']","['target', 'eic_count', 'installed_capacity', 'temperature_hist_mean', 'dewpoint_hist_mean', 'cloudcover_total_hist_mean', 'cloudcover_low_hist_mean', 'direct_solar_radiation_hist_mean', 'snowfall_hist_mean']",8,"[('<9.831', 'temperature_hist_mean'), ('<6.877', 'dewpoint_hist_mean'), ('<92.853', 'cloudcover_total_hist_mean'), ('<83.893', 'cloudcover_low_hist_mean'), ('<60.413', 'cloudcover_mid_hist_mean'), ('<8.093', 'direct_solar_radiation_hist_mean'), ('<0.002', 'snowfall_hist_mean')]"
32,no,Spot,0.018,0.018,-18692563.91,"[('<167.18', 'target'), ('<88.0', 'eic_count'), ('<1018.97', 'installed_capacity'), ('<-2.281', 'temperature_hist_mean'), ('<-4.041', 'dewpoint_hist_mean'), ('<94.92', 'cloudcover_total_hist_mean'), ('<84.933', 'cloudcover_low_hist_mean'), ('<61.933', 'cloudcover_mid_hist_mean'), ('<3.147', 'direct_solar_radiation_hist_mean'), ('<0.024', 'snowfall_hist_mean')]","[('<72.0', 'eic_count'), ('<921.18', 'installed_capacity'), ('<17.749', 'temperature_hist_mean'), ('<12.06', 'dewpoint_hist_mean'), ('<79.213', 'cloudcover_total_hist_mean'), ('<58.347', 'cloudcover_low_hist_mean'), ('<47.72', 'cloudcover_mid_hist_mean'), ('<312.253', 'direct_solar_radiation_hist_mean'), ('<0.0', 'snowfall_hist_mean')]",200.384,1.059,642.017,0,1,"['target', 'eic_count', 'installed_capacity', 'temperature_hist_mean', 'dewpoint_hist_mean', 'cloudcover_total_hist_mean', 'cloudcover_low_hist_mean', 'cloudcover_mid_hist_mean', 'direct_solar_radiation_hist_mean', 'snowfall_hist_mean']","['target', 'temperature_hist_mean', 'dewpoint_hist_mean', 'cloudcover_total_hist_mean', 'cloudcover_low_hist_mean', 'direct_solar_radiation_hist_mean', 'snowfall_hist_mean']",8,"[('<76.0', 'eic_count'), ('<921.97', 'installed_capacity'), ('<9.467', 'temperature_hist_mean'), ('<6.698', 'dewpoint_hist_mean'), ('<93.187', 'cloudcover_total_hist_mean'), ('<84.32', 'cloudcover_low_hist_mean'), ('<61.097', 'cloudcover_mid_hist_mean'), ('<6.893', 'direct_solar_radiation_hist_mean'), ('<0.003', 'snowfall_hist_mean')]"
33,yes,Spot,0.019,0.016,-71864906.87,"[('<615.058', 'target'), ('<33.0', 'eic_count'), ('<1164.2', 'installed_capacity'), ('<7.121', 'temperature_hist_mean'), ('<98.697', 'cloudcover_total_hist_mean'), ('<95.003', 'cloudcover_low_hist_mean'), ('<87.32', 'cloudcover_mid_hist_mean'), ('<10.647', 'direct_solar_radiation_hist_mean'), ('<0.051', 'snowfall_hist_mean')]","[('<30.0', 'eic_count'), ('<1037.7', 'installed_capacity'), ('<18.353', 'temperature_hist_mean'), ('<75.013', 'cloudcover_total_hist_mean'), ('<54.787', 'cloudcover_low_hist_mean'), ('<45.173', 'cloudcover_mid_hist_mean'), ('<370.72', 'direct_solar_radiation_hist_mean'), ('<0.0', 'snowfall_hist_mean')]",674.218,1.196,691.822,0,1,"['target', 'eic_count', 'installed_capacity', 'temperature_hist_mean', 'cloudcover_total_hist_mean', 'cloudcover_low_hist_mean', 'cloudcover_mid_hist_mean', 'direct_solar_radiation_hist_mean', 'snowfall_hist_mean']","['target', 'temperature_hist_mean', 'dewpoint_hist_mean', 'cloudcover_total_hist_mean', 'cloudcover_low_hist_mean', 'direct_solar_radiation_hist_mean', 'snowfall_hist_mean']",8,"[('<31.0', 'eic_count'), ('<1154.2', 'installed_capacity'), ('<10.985', 'temperature_hist_mean'), ('<91.923', 'cloudcover_total_hist_mean'), ('<82.32', 'cloudcover_low_hist_mean'), ('<58.813', 'cloudcover_mid_hist_mean'), ('<18.623', 'direct_solar_radiation_hist_mean'), ('<0.001', 'snowfall_hist_mean')]"
34,no,Fixed,0.011,0.019,-12484002.09,"[('<137.272', 'target'), ('<51.0', 'eic_count'), ('<554.2', 'installed_capacity'), ('<-2.077', 'temperature_hist_mean'), ('<-4.032', 'dewpoint_hist_mean'), ('<98.397', 'cloudcover_total_hist_mean'), ('<92.04', 'cloudcover_low_hist_mean'), ('<78.89', 'cloudcover_mid_hist_mean'), ('<0.073', 'direct_solar_radiation_hist_mean'), ('<0.048', 'snowfall_hist_mean')]","[('<47.0', 'eic_count'), ('<518.3', 'installed_capacity'), ('<18.337', 'temperature_hist_mean'), ('<12.308', 'dewpoint_hist_mean'), ('<77.787', 'cloudcover_total_hist_mean'), ('<55.2', 'cloudcover_low_hist_mean'), ('<47.027', 'cloudcover_mid_hist_mean'), ('<327.84', 'direct_solar_radiation_hist_mean'), ('<0.0', 'snowfall_hist_mean')]",165.69,0.69,363.386,0,1,"['target', 'eic_count', 'installed_capacity', 'temperature_hist_mean', 'dewpoint_hist_mean', 'cloudcover_total_hist_mean', 'cloudcover_low_hist_mean', 'cloudcover_mid_hist_mean', 'direct_solar_radiation_hist_mean', 'snowfall_hist_mean']","['target', 'eic_count', 'installed_capacity', 'temperature_hist_mean', 'dewpoint_hist_mean', 'cloudcover_total_hist_mean', 'cloudcover_low_hist_mean', 'direct_solar_radiation_hist_mean', 'snowfall_hist_mean']",9,"[('<50.0', 'eic_count'), ('<535.1', 'installed_capacity'), ('<9.598', 'temperature_hist_mean'), ('<6.784', 'dewpoint_hist_mean'), ('<93.043', 'cloudcover_total_hist_mean'), ('<84.047', 'cloudcover_low_hist_mean'), ('<60.867', 'cloudcover_mid_hist_mean'), ('<7.573', 'direct_solar_radiation_hist_mean'), ('<0.003', 'snowfall_hist_mean')]"
35,no,Spot,0.011,0.019,-48132483.68,"[('<350.25', 'target'), ('<143.0', 'eic_count'), ('<1646.61', 'installed_capacity'), ('<-2.218', 'temperature_hist_mean'), ('<-4.048', 'dewpoint_hist_mean'), ('<95.46', 'cloudcover_total_hist_mean'), ('<81.5', 'cloudcover_low_hist_mean'), ('<74.1', 'cloudcover_mid_hist_mean'), ('<0.88', 'direct_solar_radiation_hist_mean'), ('<0.048', 'snowfall_hist_mean')]","[('<114.0', 'eic_count'), ('<1345.1', 'installed_capacity'), ('<18.341', 'temperature_hist_mean'), ('<12.351', 'dewpoint_hist_mean'), ('<77.747', 'cloudcover_total_hist_mean'), ('<55.747', 'cloudcover_low_hist_mean'), ('<47.027', 'cloudcover_mid_hist_mean'), ('<324.32', 'direct_solar_radiation_hist_mean'), ('<0.0', 'snowfall_hist_mean')]",394.236,3.343,999.989,0,1,"['target', 'eic_count', 'installed_capacity', 'temperature_hist_mean', 'dewpoint_hist_mean', 'cloudcover_total_hist_mean', 'cloudcover_low_hist_mean', 'cloudcover_mid_hist_mean', 'direct_solar_radiation_hist_mean', 'snowfall_hist_mean']","['target', 'temperature_hist_mean', 'dewpoint_hist_mean', 'cloudcover_total_hist_mean', 'cloudcover_low_hist_mean', 'direct_solar_radiation_hist_mean', 'snowfall_hist_mean']",9,"[('<122.0', 'eic_count'), ('<1430.5', 'installed_capacity'), ('<9.485', 'temperature_hist_mean'), ('<6.727', 'dewpoint_hist_mean'), ('<93.187', 'cloudcover_total_hist_mean'), ('<84.307', 'cloudcover_low_hist_mean'), ('<61.017', 'cloudcover_mid_hist_mean'), ('<7.347', 'direct_solar_radiation_hist_mean'), ('<0.003', 'snowfall_hist_mean')]"
36,yes,Fixed,0.044,0.018,-51987657.67,"[('<313.401', 'target'), ('<11.0', 'eic_count'), ('<7.699', 'temperature_hist_mean'), ('<5.146', 'dewpoint_hist_mean'), ('<94.463', 'cloudcover_total_hist_mean'), ('<89.53', 'cloudcover_low_hist_mean'), ('<31.46', 'direct_solar_radiation_hist_mean')]","[('<14.0', 'eic_count'), ('<19.112', 'temperature_hist_mean'), ('<12.645', 'dewpoint_hist_mean'), ('<75.307', 'cloudcover_total_hist_mean'), ('<49.707', 'cloudcover_low_hist_mean'), ('<360.2', 'direct_solar_radiation_hist_mean')]",451.721,0.033,290.92,0,1,"['target', 'eic_count', 'temperature_hist_mean', 'dewpoint_hist_mean', 'cloudcover_total_hist_mean', 'cloudcover_low_hist_mean', 'direct_solar_radiation_hist_mean']","['target', 'eic_count', 'installed_capacity', 'temperature_hist_mean', 'dewpoint_hist_mean', 'cloudcover_total_hist_mean', 'cloudcover_low_hist_mean', 'direct_solar_radiation_hist_mean', 'snowfall_hist_mean']",9,"[('<14.0', 'eic_count'), ('<10.216', 'temperature_hist_mean'), ('<7.087', 'dewpoint_hist_mean'), ('<92.51', 'cloudcover_total_hist_mean'), ('<83.283', 'cloudcover_low_hist_mean'), ('<10.767', 'direct_solar_radiation_hist_mean')]"
37,yes,Spot,0.039,0.013,-43349832.65,"[('<930.703', 'target'), ('<37.0', 'eic_count'), ('<1023.08', 'installed_capacity'), ('<8.847', 'temperature_hist_mean'), ('<6.553', 'dewpoint_hist_mean'), ('<98.377', 'cloudcover_total_hist_mean'), ('<94.547', 'cloudcover_low_hist_mean'), ('<73.01', 'cloudcover_mid_hist_mean'), ('<32.927', 'direct_solar_radiation_hist_mean'), ('<0.013', 'snowfall_hist_mean')]","[('<33.0', 'eic_count'), ('<878.58', 'installed_capacity'), ('<18.932', 'temperature_hist_mean'), ('<12.373', 'dewpoint_hist_mean'), ('<76.48', 'cloudcover_total_hist_mean'), ('<55.12', 'cloudcover_low_hist_mean'), ('<46.573', 'cloudcover_mid_hist_mean'), ('<371.107', 'direct_solar_radiation_hist_mean'), ('<0.0', 'snowfall_hist_mean')]",1134.555,8.859,523.973,0,1,"['target', 'eic_count', 'installed_capacity', 'temperature_hist_mean', 'dewpoint_hist_mean', 'cloudcover_total_hist_mean', 'cloudcover_low_hist_mean', 'cloudcover_mid_hist_mean', 'direct_solar_radiation_hist_mean', 'snowfall_hist_mean']","['target', 'temperature_hist_mean', 'dewpoint_hist_mean', 'cloudcover_total_hist_mean', 'cloudcover_low_hist_mean', 'direct_solar_radiation_hist_mean', 'snowfall_hist_mean']",9,"[('<33.0', 'eic_count'), ('<912.58', 'installed_capacity'), ('<11.037', 'temperature_hist_mean'), ('<7.602', 'dewpoint_hist_mean'), ('<91.613', 'cloudcover_total_hist_mean'), ('<81.753', 'cloudcover_low_hist_mean'), ('<58.333', 'cloudcover_mid_hist_mean'), ('<23.97', 'direct_solar_radiation_hist_mean'), ('<0.001', 'snowfall_hist_mean')]"
38,no,Fixed,0.034,0.016,-6645785.72,"[('<100.725', 'target'), ('<58.0', 'eic_count'), ('<590.09', 'installed_capacity'), ('<-1.19', 'temperature_hist_mean'), ('<-2.814', 'dewpoint_hist_mean'), ('<98.603', 'cloudcover_total_hist_mean'), ('<93.357', 'cloudcover_low_hist_mean'), ('<73.36', 'cloudcover_mid_hist_mean'), ('<1.033', 'direct_solar_radiation_hist_mean'), ('<0.038', 'snowfall_hist_mean')]","[('<54.0', 'eic_count'), ('<559.3', 'installed_capacity'), ('<17.761', 'temperature_hist_mean'), ('<11.792', 'dewpoint_hist_mean'), ('<79.677', 'cloudcover_total_hist_mean'), ('<59.513', 'cloudcover_low_hist_mean'), ('<48.037', 'cloudcover_mid_hist_mean'), ('<314.087', 'direct_solar_radiation_hist_mean'), ('<0.0', 'snowfall_hist_mean')]",142.316,0.842,397.606,0,1,"['target', 'eic_count', 'installed_capacity', 'temperature_hist_mean', 'dewpoint_hist_mean', 'cloudcover_total_hist_mean', 'cloudcover_low_hist_mean', 'cloudcover_mid_hist_mean', 'direct_solar_radiation_hist_mean', 'snowfall_hist_mean']","['target', 'eic_count', 'installed_capacity', 'temperature_hist_mean', 'dewpoint_hist_mean', 'cloudcover_total_hist_mean', 'cloudcover_low_hist_mean', 'direct_solar_radiation_hist_mean', 'snowfall_hist_mean']",10,"[('<55.0', 'eic_count'), ('<554.59', 'installed_capacity'), ('<9.472', 'temperature_hist_mean'), ('<6.755', 'dewpoint_hist_mean'), ('<93.16', 'cloudcover_total_hist_mean'), ('<84.2', 'cloudcover_low_hist_mean'), ('<60.893', 'cloudcover_mid_hist_mean'), ('<6.987', 'direct_solar_radiation_hist_mean'), ('<0.003', 'snowfall_hist_mean')]"
39,no,Spot,0.014,0.021,-38005101.09,"[('<360.614', 'target'), ('<189.0', 'eic_count'), ('<2193.1', 'installed_capacity'), ('<-0.864', 'temperature_hist_mean'), ('<-2.667', 'dewpoint_hist_mean'), ('<96.653', 'cloudcover_total_hist_mean'), ('<88.433', 'cloudcover_low_hist_mean'), ('<58.607', 'cloudcover_mid_hist_mean'), ('<1.017', 'direct_solar_radiation_hist_mean'), ('<0.023', 'snowfall_hist_mean')]","[('<153.0', 'eic_count'), ('<1716.8', 'installed_capacity'), ('<17.82', 'temperature_hist_mean'), ('<11.872', 'dewpoint_hist_mean'), ('<79.48', 'cloudcover_total_hist_mean'), ('<59.733', 'cloudcover_low_hist_mean'), ('<47.427', 'cloudcover_mid_hist_mean'), ('<312.267', 'direct_solar_radiation_hist_mean'), ('<0.0', 'snowfall_hist_mean')]",413.711,3.248,1265.513,0,1,"['target', 'eic_count', 'installed_capacity', 'temperature_hist_mean', 'dewpoint_hist_mean', 'cloudcover_total_hist_mean', 'cloudcover_low_hist_mean', 'cloudcover_mid_hist_mean', 'direct_solar_radiation_hist_mean', 'snowfall_hist_mean']","['target', 'temperature_hist_mean', 'dewpoint_hist_mean', 'cloudcover_total_hist_mean', 'cloudcover_low_hist_mean', 'direct_solar_radiation_hist_mean', 'snowfall_hist_mean']",10,"[('<161.0', 'eic_count'), ('<1853.8', 'installed_capacity'), ('<9.409', 'temperature_hist_mean'), ('<6.709', 'dewpoint_hist_mean'), ('<93.28', 'cloudcover_total_hist_mean'), ('<84.307', 'cloudcover_low_hist_mean'), ('<61.367', 'cloudcover_mid_hist_mean'), ('<6.89', 'direct_solar_radiation_hist_mean'), ('<0.004', 'snowfall_hist_mean')]"
40,yes,Fixed,0.019,0.018,-24166605.25,"[('<147.564', 'target'), ('<12.0', 'eic_count'), ('<309.5', 'installed_capacity'), ('<1.285', 'temperature_hist_mean'), ('<-0.16', 'dewpoint_hist_mean'), ('<96.56', 'cloudcover_total_hist_mean'), ('<92.16', 'cloudcover_low_hist_mean'), ('<74.307', 'cloudcover_mid_hist_mean'), ('<12.133', 'direct_solar_radiation_hist_mean'), ('<0.04', 'snowfall_hist_mean')]","[('<14.0', 'eic_count'), ('<381.5', 'installed_capacity'), ('<18.808', 'temperature_hist_mean'), ('<12.448', 'dewpoint_hist_mean'), ('<77.42', 'cloudcover_total_hist_mean'), ('<55.11', 'cloudcover_low_hist_mean'), ('<47.027', 'cloudcover_mid_hist_mean'), ('<344.347', 'direct_solar_radiation_hist_mean'), ('<0.0', 'snowfall_hist_mean')]",205.568,0.114,267.787,0,1,"['target', 'eic_count', 'installed_capacity', 'temperature_hist_mean', 'dewpoint_hist_mean', 'cloudcover_total_hist_mean', 'cloudcover_low_hist_mean', 'cloudcover_mid_hist_mean', 'direct_solar_radiation_hist_mean', 'snowfall_hist_mean']","['target', 'eic_count', 'installed_capacity', 'temperature_hist_mean', 'dewpoint_hist_mean', 'cloudcover_total_hist_mean', 'cloudcover_low_hist_mean', 'direct_solar_radiation_hist_mean', 'snowfall_hist_mean']",10,"[('<14.0', 'eic_count'), ('<380.7', 'installed_capacity'), ('<9.94', 'temperature_hist_mean'), ('<7.004', 'dewpoint_hist_mean'), ('<92.6', 'cloudcover_total_hist_mean'), ('<83.32', 'cloudcover_low_hist_mean'), ('<60.2', 'cloudcover_mid_hist_mean'), ('<9.067', 'direct_solar_radiation_hist_mean'), ('<0.002', 'snowfall_hist_mean')]"
41,yes,General service,0,0.028,-4540609.013,"[('<114.03', 'target'), ('<6.0', 'eic_count'), ('<92.0', 'installed_capacity'), ('<7.104', 'temperature_hist_mean'), ('<5.603', 'dewpoint_hist_mean'), ('<91.247', 'cloudcover_total_hist_mean'), ('<89.55', 'cloudcover_low_hist_mean'), ('<57.73', 'cloudcover_mid_hist_mean'), ('<16.17', 'direct_solar_radiation_hist_mean'), ('<0.0', 'snowfall_hist_mean')]","[('<5.0', 'eic_count'), ('<92.0', 'installed_capacity'), ('<10.792', 'temperature_hist_mean'), ('<4.636', 'dewpoint_hist_mean'), ('<76.48', 'cloudcover_total_hist_mean'), ('<53.013', 'cloudcover_low_hist_mean'), ('<52.853', 'cloudcover_mid_hist_mean'), ('<368.307', 'direct_solar_radiation_hist_mean'), ('<0.0', 'snowfall_hist_mean')]",114.617,0.001,75.614,0,1,"['target', 'eic_count', 'installed_capacity', 'temperature_hist_mean', 'dewpoint_hist_mean', 'cloudcover_total_hist_mean', 'cloudcover_low_hist_mean', 'cloudcover_mid_hist_mean', 'direct_solar_radiation_hist_mean', 'snowfall_hist_mean']","['target', 'eic_count', 'installed_capacity', 'temperature_hist_mean', 'dewpoint_hist_mean', 'cloudcover_low_hist_mean', 'direct_solar_radiation_hist_mean', 'snowfall_hist_mean']",10,"[('<6.0', 'eic_count'), ('<92.0', 'installed_capacity'), ('<9.568', 'temperature_hist_mean'), ('<6.428', 'dewpoint_hist_mean'), ('<94.413', 'cloudcover_total_hist_mean'), ('<86.807', 'cloudcover_low_hist_mean'), ('<59.8', 'cloudcover_mid_hist_mean'), ('<18.213', 'direct_solar_radiation_hist_mean'), ('<0.0', 'snowfall_hist_mean')]"
42,yes,Spot,0.022,0.015,-456500021.3,"[('<2031.65', 'target'), ('<11.131', 'temperature_hist_mean'), ('<5.192', 'dewpoint_hist_mean'), ('<97.073', 'cloudcover_total_hist_mean'), ('<89.627', 'cloudcover_low_hist_mean'), ('<232.993', 'direct_solar_radiation_hist_mean'), ('<0.012', 'snowfall_hist_mean')]","[('<19.22', 'temperature_hist_mean'), ('<12.787', 'dewpoint_hist_mean'), ('<78.427', 'cloudcover_total_hist_mean'), ('<61.547', 'cloudcover_low_hist_mean'), ('<372.88', 'direct_solar_radiation_hist_mean'), ('<0.0', 'snowfall_hist_mean')]",2248.156,168.808,977.389,0,1,"['target', 'temperature_hist_mean', 'dewpoint_hist_mean', 'cloudcover_total_hist_mean', 'cloudcover_low_hist_mean', 'direct_solar_radiation_hist_mean', 'snowfall_hist_mean']","['target', 'eic_count', 'installed_capacity', 'temperature_hist_mean', 'dewpoint_hist_mean', 'cloudcover_total_hist_mean', 'cloudcover_low_hist_mean', 'direct_solar_radiation_hist_mean', 'snowfall_hist_mean']",10,"[('<11.527', 'temperature_hist_mean'), ('<7.952', 'dewpoint_hist_mean'), ('<91.013', 'cloudcover_total_hist_mean'), ('<80.893', 'cloudcover_low_hist_mean'), ('<41.043', 'direct_solar_radiation_hist_mean'), ('<0.001', 'snowfall_hist_mean')]"
43,no,Fixed,0.039,0.019,-19151156.24,"[('<334.112', 'target'), ('<137.0', 'eic_count'), ('<1423.7', 'installed_capacity'), ('<-1.5', 'temperature_hist_mean'), ('<-3.455', 'dewpoint_hist_mean'), ('<98.667', 'cloudcover_total_hist_mean'), ('<93.427', 'cloudcover_low_hist_mean'), ('<78.16', 'cloudcover_mid_hist_mean'), ('<1.28', 'direct_solar_radiation_hist_mean'), ('<0.04', 'snowfall_hist_mean')]","[('<119.0', 'eic_count'), ('<1215.0', 'installed_capacity'), ('<18.322', 'temperature_hist_mean'), ('<12.294', 'dewpoint_hist_mean'), ('<78.053', 'cloudcover_total_hist_mean'), ('<55.867', 'cloudcover_low_hist_mean'), ('<47.22', 'cloudcover_mid_hist_mean'), ('<327.9', 'direct_solar_radiation_hist_mean'), ('<0.0', 'snowfall_hist_mean')]",438.164,4.975,800.57,0,1,"['target', 'eic_count', 'installed_capacity', 'temperature_hist_mean', 'dewpoint_hist_mean', 'cloudcover_total_hist_mean', 'cloudcover_low_hist_mean', 'cloudcover_mid_hist_mean', 'direct_solar_radiation_hist_mean', 'snowfall_hist_mean']","['target', 'eic_count', 'installed_capacity', 'temperature_hist_mean', 'dewpoint_hist_mean', 'cloudcover_total_hist_mean', 'cloudcover_low_hist_mean', 'direct_solar_radiation_hist_mean', 'snowfall_hist_mean']",11,"[('<134.0', 'eic_count'), ('<1370.5', 'installed_capacity'), ('<9.727', 'temperature_hist_mean'), ('<6.827', 'dewpoint_hist_mean'), ('<92.933', 'cloudcover_total_hist_mean'), ('<84.013', 'cloudcover_low_hist_mean'), ('<60.587', 'cloudcover_mid_hist_mean'), ('<7.773', 'direct_solar_radiation_hist_mean'), ('<0.003', 'snowfall_hist_mean')]"
44,no,General service,0.02,0.02,-2731295.037,"[('<33.11', 'target'), ('<9.0', 'eic_count'), ('<102.0', 'installed_capacity'), ('<5.169', 'temperature_hist_mean'), ('<2.815', 'dewpoint_hist_mean'), ('<98.453', 'cloudcover_total_hist_mean'), ('<92.037', 'cloudcover_low_hist_mean'), ('<84.19', 'cloudcover_mid_hist_mean'), ('<6.97', 'direct_solar_radiation_hist_mean'), ('<0.028', 'snowfall_hist_mean')]","[('<10.0', 'eic_count'), ('<75.5', 'installed_capacity'), ('<18.344', 'temperature_hist_mean'), ('<12.271', 'dewpoint_hist_mean'), ('<78.577', 'cloudcover_total_hist_mean'), ('<58.88', 'cloudcover_low_hist_mean'), ('<45.947', 'cloudcover_mid_hist_mean'), ('<333.9', 'direct_solar_radiation_hist_mean'), ('<0.0', 'snowfall_hist_mean')]",48.327,0.244,76.95,0,1,"['target', 'eic_count', 'installed_capacity', 'temperature_hist_mean', 'dewpoint_hist_mean', 'cloudcover_total_hist_mean', 'cloudcover_low_hist_mean', 'cloudcover_mid_hist_mean', 'direct_solar_radiation_hist_mean', 'snowfall_hist_mean']","['target', 'installed_capacity', 'temperature_hist_mean', 'dewpoint_hist_mean', 'direct_solar_radiation_hist_mean']",11,"[('<9.0', 'eic_count'), ('<82.0', 'installed_capacity'), ('<10.46', 'temperature_hist_mean'), ('<7.545', 'dewpoint_hist_mean'), ('<91.853', 'cloudcover_total_hist_mean'), ('<81.307', 'cloudcover_low_hist_mean'), ('<59.2', 'cloudcover_mid_hist_mean'), ('<10.2', 'direct_solar_radiation_hist_mean'), ('<0.0', 'snowfall_hist_mean')]"
45,no,Spot,0.026,0.021,-126173697.8,"[('<1157.261', 'target'), ('<516.0', 'eic_count'), ('<5868.87', 'installed_capacity'), ('<-1.436', 'temperature_hist_mean'), ('<-3.336', 'dewpoint_hist_mean'), ('<98.38', 'cloudcover_total_hist_mean'), ('<91.26', 'cloudcover_low_hist_mean'), ('<76.573', 'cloudcover_mid_hist_mean'), ('<0.773', 'direct_solar_radiation_hist_mean'), ('<0.043', 'snowfall_hist_mean')]","[('<371.0', 'eic_count'), ('<4379.18', 'installed_capacity'), ('<18.017', 'temperature_hist_mean'), ('<12.176', 'dewpoint_hist_mean'), ('<78.28', 'cloudcover_total_hist_mean'), ('<56.397', 'cloudcover_low_hist_mean'), ('<47.407', 'cloudcover_mid_hist_mean'), ('<320.887', 'direct_solar_radiation_hist_mean'), ('<0.0', 'snowfall_hist_mean')]",1458.32,13.283,2858.583,0,1,"['target', 'eic_count', 'installed_capacity', 'temperature_hist_mean', 'dewpoint_hist_mean', 'cloudcover_total_hist_mean', 'cloudcover_low_hist_mean', 'cloudcover_mid_hist_mean', 'direct_solar_radiation_hist_mean', 'snowfall_hist_mean']","['target', 'temperature_hist_mean', 'dewpoint_hist_mean', 'cloudcover_total_hist_mean', 'cloudcover_low_hist_mean', 'direct_solar_radiation_hist_mean', 'snowfall_hist_mean']",11,"[('<396.0', 'eic_count'), ('<4652.18', 'installed_capacity'), ('<9.6', 'temperature_hist_mean'), ('<6.751', 'dewpoint_hist_mean'), ('<93.08', 'cloudcover_total_hist_mean'), ('<84.307', 'cloudcover_low_hist_mean'), ('<60.84', 'cloudcover_mid_hist_mean'), ('<7.373', 'direct_solar_radiation_hist_mean'), ('<0.003', 'snowfall_hist_mean')]"
46,yes,Fixed,0.046,0.019,-153678057.6,"[('<1371.959', 'target'), ('<51.0', 'eic_count'), ('<1721.4', 'installed_capacity'), ('<10.128', 'temperature_hist_mean'), ('<7.388', 'dewpoint_hist_mean'), ('<97.893', 'cloudcover_total_hist_mean'), ('<94.013', 'cloudcover_low_hist_mean'), ('<0.007', 'snowfall_hist_mean')]","[('<45.0', 'eic_count'), ('<1532.7', 'installed_capacity'), ('<18.635', 'temperature_hist_mean'), ('<12.172', 'dewpoint_hist_mean'), ('<72.037', 'cloudcover_total_hist_mean'), ('<50.567', 'cloudcover_low_hist_mean'), ('<0.0', 'snowfall_hist_mean')]",1657.315,134.082,1051.442,0,1,"['target', 'eic_count', 'installed_capacity', 'temperature_hist_mean', 'dewpoint_hist_mean', 'cloudcover_total_hist_mean', 'cloudcover_low_hist_mean', 'snowfall_hist_mean']","['target', 'eic_count', 'installed_capacity', 'temperature_hist_mean', 'dewpoint_hist_mean', 'cloudcover_total_hist_mean', 'cloudcover_low_hist_mean', 'direct_solar_radiation_hist_mean', 'snowfall_hist_mean']",11,"[('<49.0', 'eic_count'), ('<1706.4', 'installed_capacity'), ('<11.267', 'temperature_hist_mean'), ('<7.733', 'dewpoint_hist_mean'), ('<91.613', 'cloudcover_total_hist_mean'), ('<81.733', 'cloudcover_low_hist_mean'), ('<0.001', 'snowfall_hist_mean')]"
47,yes,General service,0.022,0.02,-13593180.96,"[('<95.76', 'target'), ('<10.0', 'eic_count'), ('<259.5', 'installed_capacity'), ('<0.945', 'temperature_hist_mean'), ('<-0.178', 'dewpoint_hist_mean'), ('<97.917', 'cloudcover_total_hist_mean'), ('<93.94', 'cloudcover_low_hist_mean'), ('<74.75', 'cloudcover_mid_hist_mean'), ('<6.587', 'direct_solar_radiation_hist_mean'), ('<0.078', 'snowfall_hist_mean')]","[('<8.0', 'eic_count'), ('<105.0', 'installed_capacity'), ('<19.405', 'temperature_hist_mean'), ('<12.941', 'dewpoint_hist_mean'), ('<74.707', 'cloudcover_total_hist_mean'), ('<50.493', 'cloudcover_low_hist_mean'), ('<46.827', 'cloudcover_mid_hist_mean'), ('<354.4', 'direct_solar_radiation_hist_mean'), ('<0.0', 'snowfall_hist_mean')]",128.848,0.091,108.779,0,1,"['target', 'eic_count', 'installed_capacity', 'temperature_hist_mean', 'dewpoint_hist_mean', 'cloudcover_total_hist_mean', 'cloudcover_low_hist_mean', 'cloudcover_mid_hist_mean', 'direct_solar_radiation_hist_mean', 'snowfall_hist_mean']","['target', 'temperature_hist_mean', 'dewpoint_hist_mean', 'cloudcover_total_hist_mean', 'cloudcover_low_hist_mean', 'direct_solar_radiation_hist_mean']",11,"[('<8.0', 'eic_count'), ('<119.0', 'installed_capacity'), ('<10.671', 'temperature_hist_mean'), ('<7.421', 'dewpoint_hist_mean'), ('<91.2', 'cloudcover_total_hist_mean'), ('<81.877', 'cloudcover_low_hist_mean'), ('<57.197', 'cloudcover_mid_hist_mean'), ('<12.32', 'direct_solar_radiation_hist_mean'), ('<0.0', 'snowfall_hist_mean')]"
48,yes,Spot,0.009,0.016,-1696496746,"[('<7927.696', 'target'), ('<152.0', 'eic_count'), ('<7390.35', 'installed_capacity'), ('<5.451', 'temperature_hist_mean'), ('<3.492', 'dewpoint_hist_mean'), ('<98.693', 'cloudcover_total_hist_mean'), ('<95.013', 'cloudcover_low_hist_mean')]","[('<128.0', 'eic_count'), ('<6122.25', 'installed_capacity'), ('<19.684', 'temperature_hist_mean'), ('<12.949', 'dewpoint_hist_mean'), ('<76.55', 'cloudcover_total_hist_mean'), ('<56.427', 'cloudcover_low_hist_mean')]",8290.183,1198.957,3404.146,0,1,"['target', 'eic_count', 'installed_capacity', 'temperature_hist_mean', 'dewpoint_hist_mean', 'cloudcover_total_hist_mean', 'cloudcover_low_hist_mean']","['target', 'installed_capacity', 'temperature_hist_mean', 'dewpoint_hist_mean', 'cloudcover_total_hist_mean', 'cloudcover_low_hist_mean', 'direct_solar_radiation_hist_mean', 'snowfall_hist_mean']",11,"[('<129.0', 'eic_count'), ('<6227.75', 'installed_capacity'), ('<11.637', 'temperature_hist_mean'), ('<8.037', 'dewpoint_hist_mean'), ('<90.907', 'cloudcover_total_hist_mean'), ('<80.773', 'cloudcover_low_hist_mean')]"
49,yes,Spot,0.01,0.015,-247440988.5,"[('<1030.464', 'target'), ('<616.5', 'installed_capacity'), ('<4.757', 'temperature_hist_mean'), ('<2.388', 'dewpoint_hist_mean'), ('<98.44', 'cloudcover_total_hist_mean'), ('<94.373', 'cloudcover_low_hist_mean'), ('<10.52', 'direct_solar_radiation_hist_mean')]","[('<224.0', 'installed_capacity'), ('<20.152', 'temperature_hist_mean'), ('<11.744', 'dewpoint_hist_mean'), ('<77.113', 'cloudcover_total_hist_mean'), ('<53.803', 'cloudcover_low_hist_mean'), ('<402.37', 'direct_solar_radiation_hist_mean')]",1076.369,158.951,170.683,0,1,"['target', 'installed_capacity', 'temperature_hist_mean', 'dewpoint_hist_mean', 'cloudcover_total_hist_mean', 'cloudcover_low_hist_mean', 'direct_solar_radiation_hist_mean']","['target', 'temperature_hist_mean', 'dewpoint_hist_mean', 'direct_solar_radiation_hist_mean']",12,"[('<574.0', 'installed_capacity'), ('<11.796', 'temperature_hist_mean'), ('<8.163', 'dewpoint_hist_mean'), ('<90.787', 'cloudcover_total_hist_mean'), ('<80.48', 'cloudcover_low_hist_mean'), ('<53.573', 'direct_solar_radiation_hist_mean')]"
50,no,Fixed,0.019,0.014,-2446316.347,"[('<31.562', 'target'), ('<17.0', 'eic_count'), ('<-0.409', 'temperature_hist_mean'), ('<-2.401', 'dewpoint_hist_mean'), ('<98.1', 'cloudcover_total_hist_mean'), ('<89.877', 'cloudcover_low_hist_mean'), ('<73.98', 'cloudcover_mid_hist_mean'), ('<1.743', 'direct_solar_radiation_hist_mean'), ('<0.038', 'snowfall_hist_mean')]","[('<16.0', 'eic_count'), ('<17.681', 'temperature_hist_mean'), ('<11.977', 'dewpoint_hist_mean'), ('<78.88', 'cloudcover_total_hist_mean'), ('<57.707', 'cloudcover_low_hist_mean'), ('<47.52', 'cloudcover_mid_hist_mean'), ('<308.533', 'direct_solar_radiation_hist_mean'), ('<0.0', 'snowfall_hist_mean')]",40.243,0.004,142.468,0,1,"['target', 'eic_count', 'temperature_hist_mean', 'dewpoint_hist_mean', 'cloudcover_total_hist_mean', 'cloudcover_low_hist_mean', 'cloudcover_mid_hist_mean', 'direct_solar_radiation_hist_mean', 'snowfall_hist_mean']","['target', 'installed_capacity', 'temperature_hist_mean', 'dewpoint_hist_mean', 'cloudcover_total_hist_mean', 'cloudcover_low_hist_mean', 'direct_solar_radiation_hist_mean', 'snowfall_hist_mean']",13,"[('<16.0', 'eic_count'), ('<9.438', 'temperature_hist_mean'), ('<6.687', 'dewpoint_hist_mean'), ('<93.417', 'cloudcover_total_hist_mean'), ('<84.573', 'cloudcover_low_hist_mean'), ('<61.27', 'cloudcover_mid_hist_mean'), ('<6.773', 'direct_solar_radiation_hist_mean'), ('<0.004', 'snowfall_hist_mean')]"
51,no,Spot,0.025,0.015,-15605893.03,"[('<163.367', 'target'), ('<71.0', 'eic_count'), ('<939.93', 'installed_capacity'), ('<-1.18', 'temperature_hist_mean'), ('<-3.111', 'dewpoint_hist_mean'), ('<97.533', 'cloudcover_total_hist_mean'), ('<85.52', 'cloudcover_low_hist_mean'), ('<71.627', 'cloudcover_mid_hist_mean'), ('<1.453', 'direct_solar_radiation_hist_mean'), ('<0.036', 'snowfall_hist_mean')]","[('<62.0', 'eic_count'), ('<799.93', 'installed_capacity'), ('<17.831', 'temperature_hist_mean'), ('<12.131', 'dewpoint_hist_mean'), ('<78.28', 'cloudcover_total_hist_mean'), ('<56.557', 'cloudcover_low_hist_mean'), ('<47.33', 'cloudcover_mid_hist_mean'), ('<311.54', 'direct_solar_radiation_hist_mean'), ('<0.0', 'snowfall_hist_mean')]",274.487,0.949,551.878,0,1,"['target', 'eic_count', 'installed_capacity', 'temperature_hist_mean', 'dewpoint_hist_mean', 'cloudcover_total_hist_mean', 'cloudcover_low_hist_mean', 'cloudcover_mid_hist_mean', 'direct_solar_radiation_hist_mean', 'snowfall_hist_mean']","['target', 'temperature_hist_mean', 'dewpoint_hist_mean', 'cloudcover_total_hist_mean', 'cloudcover_low_hist_mean', 'direct_solar_radiation_hist_mean', 'snowfall_hist_mean']",13,"[('<64.0', 'eic_count'), ('<845.93', 'installed_capacity'), ('<9.424', 'temperature_hist_mean'), ('<6.685', 'dewpoint_hist_mean'), ('<93.387', 'cloudcover_total_hist_mean'), ('<84.573', 'cloudcover_low_hist_mean'), ('<61.32', 'cloudcover_mid_hist_mean'), ('<6.867', 'direct_solar_radiation_hist_mean'), ('<0.003', 'snowfall_hist_mean')]"
52,yes,Spot,0.006,0.02,-333160339.1,"[('<1687.918', 'target'), ('<26.0', 'eic_count'), ('<1026.4', 'installed_capacity'), ('<0.855', 'temperature_hist_mean'), ('<-0.455', 'dewpoint_hist_mean'), ('<87.757', 'cloudcover_low_hist_mean'), ('<0.031', 'snowfall_hist_mean')]","[('<26.0', 'eic_count'), ('<957.9', 'installed_capacity'), ('<20.952', 'temperature_hist_mean'), ('<14.149', 'dewpoint_hist_mean'), ('<50.533', 'cloudcover_low_hist_mean'), ('<0.0', 'snowfall_hist_mean')]",1771.127,0.487,774.969,0,1,"['target', 'eic_count', 'installed_capacity', 'temperature_hist_mean', 'dewpoint_hist_mean', 'cloudcover_low_hist_mean', 'snowfall_hist_mean']","['target', 'eic_count', 'installed_capacity', 'temperature_hist_mean', 'dewpoint_hist_mean', 'cloudcover_total_hist_mean', 'cloudcover_low_hist_mean', 'direct_solar_radiation_hist_mean', 'snowfall_hist_mean']",13,"[('<27.0', 'eic_count'), ('<1026.4', 'installed_capacity'), ('<10.443', 'temperature_hist_mean'), ('<7.075', 'dewpoint_hist_mean'), ('<82.377', 'cloudcover_low_hist_mean'), ('<0.001', 'snowfall_hist_mean')]"
53,no,Fixed,0.011,0.013,-7670858.122,"[('<83.326', 'target'), ('<40.0', 'eic_count'), ('<-0.717', 'temperature_hist_mean'), ('<-3.025', 'dewpoint_hist_mean'), ('<97.253', 'cloudcover_total_hist_mean'), ('<88.613', 'cloudcover_low_hist_mean'), ('<66.253', 'cloudcover_mid_hist_mean'), ('<0.453', 'direct_solar_radiation_hist_mean'), ('<0.024', 'snowfall_hist_mean')]","[('<37.0', 'eic_count'), ('<18.128', 'temperature_hist_mean'), ('<12.259', 'dewpoint_hist_mean'), ('<78.347', 'cloudcover_total_hist_mean'), ('<56.16', 'cloudcover_low_hist_mean'), ('<47.307', 'cloudcover_mid_hist_mean'), ('<318.613', 'direct_solar_radiation_hist_mean'), ('<0.0', 'snowfall_hist_mean')]",114.421,1.083,307.841,0,1,"['target', 'eic_count', 'temperature_hist_mean', 'dewpoint_hist_mean', 'cloudcover_total_hist_mean', 'cloudcover_low_hist_mean', 'cloudcover_mid_hist_mean', 'direct_solar_radiation_hist_mean', 'snowfall_hist_mean']","['target', 'eic_count', 'installed_capacity', 'temperature_hist_mean', 'dewpoint_hist_mean', 'cloudcover_total_hist_mean', 'cloudcover_low_hist_mean', 'direct_solar_radiation_hist_mean', 'snowfall_hist_mean']",14,"[('<38.0', 'eic_count'), ('<9.487', 'temperature_hist_mean'), ('<6.692', 'dewpoint_hist_mean'), ('<93.23', 'cloudcover_total_hist_mean'), ('<84.307', 'cloudcover_low_hist_mean'), ('<61.013', 'cloudcover_mid_hist_mean'), ('<7.17', 'direct_solar_radiation_hist_mean'), ('<0.003', 'snowfall_hist_mean')]"
54,no,Spot,0.018,0.019,-47952451.11,"[('<413.242', 'target'), ('<190.0', 'eic_count'), ('<2398.16', 'installed_capacity'), ('<-1.458', 'temperature_hist_mean'), ('<-3.529', 'dewpoint_hist_mean'), ('<97.173', 'cloudcover_total_hist_mean'), ('<85.007', 'cloudcover_low_hist_mean'), ('<69.773', 'cloudcover_mid_hist_mean'), ('<0.693', 'direct_solar_radiation_hist_mean'), ('<0.036', 'snowfall_hist_mean')]","[('<153.0', 'eic_count'), ('<1983.56', 'installed_capacity'), ('<18.032', 'temperature_hist_mean'), ('<12.225', 'dewpoint_hist_mean'), ('<78.467', 'cloudcover_total_hist_mean'), ('<56.707', 'cloudcover_low_hist_mean'), ('<47.213', 'cloudcover_mid_hist_mean'), ('<316.627', 'direct_solar_radiation_hist_mean'), ('<0.0', 'snowfall_hist_mean')]",471.559,7.2,1267.878,0,1,"['target', 'eic_count', 'installed_capacity', 'temperature_hist_mean', 'dewpoint_hist_mean', 'cloudcover_total_hist_mean', 'cloudcover_low_hist_mean', 'cloudcover_mid_hist_mean', 'direct_solar_radiation_hist_mean', 'snowfall_hist_mean']","['target', 'temperature_hist_mean', 'dewpoint_hist_mean', 'cloudcover_total_hist_mean', 'cloudcover_low_hist_mean', 'direct_solar_radiation_hist_mean', 'snowfall_hist_mean']",14,"[('<162.0', 'eic_count'), ('<2090.26', 'installed_capacity'), ('<9.485', 'temperature_hist_mean'), ('<6.699', 'dewpoint_hist_mean'), ('<93.19', 'cloudcover_total_hist_mean'), ('<84.307', 'cloudcover_low_hist_mean'), ('<61.03', 'cloudcover_mid_hist_mean'), ('<7.16', 'direct_solar_radiation_hist_mean'), ('<0.003', 'snowfall_hist_mean')]"
55,yes,Fixed,0.032,0.01,-52058608.66,"[('<437.311', 'target'), ('<18.0', 'eic_count'), ('<452.6', 'installed_capacity'), ('<8.153', 'temperature_hist_mean'), ('<6.289', 'dewpoint_hist_mean'), ('<98.653', 'cloudcover_total_hist_mean'), ('<95.007', 'cloudcover_low_hist_mean'), ('<82.373', 'cloudcover_mid_hist_mean'), ('<11.273', 'direct_solar_radiation_hist_mean'), ('<0.026', 'snowfall_hist_mean')]","[('<18.0', 'eic_count'), ('<467.1', 'installed_capacity'), ('<19.503', 'temperature_hist_mean'), ('<12.696', 'dewpoint_hist_mean'), ('<75.247', 'cloudcover_total_hist_mean'), ('<54.903', 'cloudcover_low_hist_mean'), ('<45.467', 'cloudcover_mid_hist_mean'), ('<390.897', 'direct_solar_radiation_hist_mean'), ('<0.0', 'snowfall_hist_mean')]",539.27,4.262,267.476,0,1,"['target', 'eic_count', 'installed_capacity', 'temperature_hist_mean', 'dewpoint_hist_mean', 'cloudcover_total_hist_mean', 'cloudcover_low_hist_mean', 'cloudcover_mid_hist_mean', 'direct_solar_radiation_hist_mean', 'snowfall_hist_mean']","['target', 'installed_capacity', 'temperature_hist_mean', 'dewpoint_hist_mean', 'cloudcover_total_hist_mean', 'cloudcover_low_hist_mean', 'direct_solar_radiation_hist_mean', 'snowfall_hist_mean']",14,"[('<18.0', 'eic_count'), ('<505.1', 'installed_capacity'), ('<10.797', 'temperature_hist_mean'), ('<7.479', 'dewpoint_hist_mean'), ('<91.88', 'cloudcover_total_hist_mean'), ('<82.267', 'cloudcover_low_hist_mean'), ('<58.667', 'cloudcover_mid_hist_mean'), ('<19.867', 'direct_solar_radiation_hist_mean'), ('<0.001', 'snowfall_hist_mean')]"
56,yes,Spot,0.003,0.019,-533518097.4,"[('<3181.392', 'target'), ('<83.0', 'eic_count'), ('<98.46', 'cloudcover_total_hist_mean'), ('<97.193', 'cloudcover_low_hist_mean')]","[('<81.0', 'eic_count'), ('<77.757', 'cloudcover_total_hist_mean'), ('<57.31', 'cloudcover_low_hist_mean')]",3344.354,62.504,2469.708,0,1,"['target', 'eic_count', 'cloudcover_total_hist_mean', 'cloudcover_low_hist_mean']","['target', 'installed_capacity', 'temperature_hist_mean', 'dewpoint_hist_mean', 'cloudcover_total_hist_mean', 'cloudcover_low_hist_mean', 'direct_solar_radiation_hist_mean', 'snowfall_hist_mean']",14,"[('<81.0', 'eic_count'), ('<91.28', 'cloudcover_total_hist_mean'), ('<81.333', 'cloudcover_low_hist_mean')]"
57,no,Fixed,0.032,0.018,-7276101.364,"[('<104.198', 'target'), ('<47.0', 'eic_count'), ('<340.9', 'installed_capacity'), ('<-1.196', 'temperature_hist_mean'), ('<-3.301', 'dewpoint_hist_mean'), ('<97.253', 'cloudcover_total_hist_mean'), ('<88.613', 'cloudcover_low_hist_mean'), ('<69.973', 'cloudcover_mid_hist_mean'), ('<1.76', 'direct_solar_radiation_hist_mean'), ('<0.035', 'snowfall_hist_mean')]","[('<43.0', 'eic_count'), ('<309.9', 'installed_capacity'), ('<18.326', 'temperature_hist_mean'), ('<12.376', 'dewpoint_hist_mean'), ('<78.347', 'cloudcover_total_hist_mean'), ('<56.347', 'cloudcover_low_hist_mean'), ('<47.807', 'cloudcover_mid_hist_mean'), ('<331.293', 'direct_solar_radiation_hist_mean'), ('<0.0', 'snowfall_hist_mean')]",136.103,0.766,219.025,0,1,"['target', 'eic_count', 'installed_capacity', 'temperature_hist_mean', 'dewpoint_hist_mean', 'cloudcover_total_hist_mean', 'cloudcover_low_hist_mean', 'cloudcover_mid_hist_mean', 'direct_solar_radiation_hist_mean', 'snowfall_hist_mean']","['target', 'eic_count', 'installed_capacity', 'temperature_hist_mean', 'dewpoint_hist_mean', 'cloudcover_total_hist_mean', 'cloudcover_low_hist_mean', 'direct_solar_radiation_hist_mean', 'snowfall_hist_mean']",15,"[('<43.0', 'eic_count'), ('<305.4', 'installed_capacity'), ('<9.791', 'temperature_hist_mean'), ('<6.884', 'dewpoint_hist_mean'), ('<92.773', 'cloudcover_total_hist_mean'), ('<83.693', 'cloudcover_low_hist_mean'), ('<60.173', 'cloudcover_mid_hist_mean'), ('<8.213', 'direct_solar_radiation_hist_mean'), ('<0.002', 'snowfall_hist_mean')]"
58,no,Spot,0.017,0.018,-29114285.95,"[('<222.986', 'target'), ('<111.0', 'eic_count'), ('<1407.39', 'installed_capacity'), ('<-1.188', 'temperature_hist_mean'), ('<-2.954', 'dewpoint_hist_mean'), ('<97.233', 'cloudcover_total_hist_mean'), ('<85.06', 'cloudcover_low_hist_mean'), ('<71.527', 'cloudcover_mid_hist_mean'), ('<1.527', 'direct_solar_radiation_hist_mean'), ('<0.039', 'snowfall_hist_mean')]","[('<89.0', 'eic_count'), ('<1104.1', 'installed_capacity'), ('<17.889', 'temperature_hist_mean'), ('<12.167', 'dewpoint_hist_mean'), ('<78.817', 'cloudcover_total_hist_mean'), ('<57.553', 'cloudcover_low_hist_mean'), ('<47.863', 'cloudcover_mid_hist_mean'), ('<314.913', 'direct_solar_radiation_hist_mean'), ('<0.0', 'snowfall_hist_mean')]",273.12,4.611,730.438,0,1,"['target', 'eic_count', 'installed_capacity', 'temperature_hist_mean', 'dewpoint_hist_mean', 'cloudcover_total_hist_mean', 'cloudcover_low_hist_mean', 'cloudcover_mid_hist_mean', 'direct_solar_radiation_hist_mean', 'snowfall_hist_mean']","['target', 'temperature_hist_mean', 'dewpoint_hist_mean', 'cloudcover_total_hist_mean', 'cloudcover_low_hist_mean', 'direct_solar_radiation_hist_mean', 'snowfall_hist_mean']",15,"[('<97.0', 'eic_count'), ('<1160.1', 'installed_capacity'), ('<9.644', 'temperature_hist_mean'), ('<6.744', 'dewpoint_hist_mean'), ('<93.013', 'cloudcover_total_hist_mean'), ('<84.253', 'cloudcover_low_hist_mean'), ('<60.813', 'cloudcover_mid_hist_mean'), ('<7.387', 'direct_solar_radiation_hist_mean'), ('<0.003', 'snowfall_hist_mean')]"
59,yes,Fixed,0.036,0.019,-25407777.1,"[('<236.496', 'target'), ('<0.853', 'temperature_hist_mean'), ('<-0.414', 'dewpoint_hist_mean'), ('<98.667', 'cloudcover_total_hist_mean'), ('<94.437', 'cloudcover_low_hist_mean'), ('<83.57', 'cloudcover_mid_hist_mean'), ('<8.94', 'direct_solar_radiation_hist_mean'), ('<0.057', 'snowfall_hist_mean')]","[('<18.6', 'temperature_hist_mean'), ('<12.468', 'dewpoint_hist_mean'), ('<77.133', 'cloudcover_total_hist_mean'), ('<54.773', 'cloudcover_low_hist_mean'), ('<47.52', 'cloudcover_mid_hist_mean'), ('<328.08', 'direct_solar_radiation_hist_mean'), ('<0.0', 'snowfall_hist_mean')]",293.501,0.485,423.086,0,1,"['target', 'temperature_hist_mean', 'dewpoint_hist_mean', 'cloudcover_total_hist_mean', 'cloudcover_low_hist_mean', 'cloudcover_mid_hist_mean', 'direct_solar_radiation_hist_mean', 'snowfall_hist_mean']","['target', 'installed_capacity', 'temperature_hist_mean', 'dewpoint_hist_mean', 'cloudcover_total_hist_mean', 'cloudcover_low_hist_mean', 'direct_solar_radiation_hist_mean', 'snowfall_hist_mean']",15,"[('<9.997', 'temperature_hist_mean'), ('<6.968', 'dewpoint_hist_mean'), ('<92.663', 'cloudcover_total_hist_mean'), ('<83.503', 'cloudcover_low_hist_mean'), ('<59.88', 'cloudcover_mid_hist_mean'), ('<8.797', 'direct_solar_radiation_hist_mean'), ('<0.002', 'snowfall_hist_mean')]"
60,yes,Spot,0.032,0.015,-155583083.1,"[('<1111.177', 'target'), ('<48.0', 'eic_count'), ('<1757.7', 'installed_capacity'), ('<8.651', 'temperature_hist_mean'), ('<5.457', 'dewpoint_hist_mean'), ('<98.433', 'cloudcover_total_hist_mean'), ('<94.367', 'cloudcover_low_hist_mean')]","[('<46.0', 'eic_count'), ('<1758.2', 'installed_capacity'), ('<18.979', 'temperature_hist_mean'), ('<12.345', 'dewpoint_hist_mean'), ('<73.133', 'cloudcover_total_hist_mean'), ('<53.413', 'cloudcover_low_hist_mean')]",1349.64,17.688,1206.434,0,1,"['target', 'eic_count', 'installed_capacity', 'temperature_hist_mean', 'dewpoint_hist_mean', 'cloudcover_total_hist_mean', 'cloudcover_low_hist_mean']","['target', 'installed_capacity', 'temperature_hist_mean', 'dewpoint_hist_mean', 'cloudcover_total_hist_mean', 'cloudcover_low_hist_mean', 'direct_solar_radiation_hist_mean', 'snowfall_hist_mean']",15,"[('<48.0', 'eic_count'), ('<1778.7', 'installed_capacity'), ('<11.131', 'temperature_hist_mean'), ('<7.659', 'dewpoint_hist_mean'), ('<91.723', 'cloudcover_total_hist_mean'), ('<82.027', 'cloudcover_low_hist_mean')]"
61,yes,General service,0.026,0.02,-6903182.862,"[('<326.47', 'target'), ('<20.0', 'eic_count'), ('<97.0', 'installed_capacity'), ('<2.705', 'temperature_hist_mean'), ('<1.707', 'dewpoint_hist_mean'), ('<0.035', 'snowfall_hist_mean')]","[('<16.0', 'eic_count'), ('<130.7', 'installed_capacity'), ('<19.332', 'temperature_hist_mean'), ('<12.65', 'dewpoint_hist_mean'), ('<0.0', 'snowfall_hist_mean')]",411.835,3.521,218.881,0,1,"['target', 'eic_count', 'installed_capacity', 'temperature_hist_mean', 'dewpoint_hist_mean', 'snowfall_hist_mean']","['target', 'installed_capacity', 'temperature_hist_mean', 'dewpoint_hist_mean', 'cloudcover_total_hist_mean', 'cloudcover_low_hist_mean', 'direct_solar_radiation_hist_mean']",0,"[('<18.0', 'eic_count'), ('<104.2', 'installed_capacity'), ('<11.179', 'temperature_hist_mean'), ('<7.723', 'dewpoint_hist_mean'), ('<0.001', 'snowfall_hist_mean')]"
62,no,Fixed,0.037,0.019,-3432599.998,"[('<58.81', 'target'), ('<26.0', 'eic_count'), ('<265.59', 'installed_capacity'), ('<-0.7', 'temperature_hist_mean'), ('<-2.431', 'dewpoint_hist_mean'), ('<98.577', 'cloudcover_total_hist_mean'), ('<94.193', 'cloudcover_low_hist_mean'), ('<73.84', 'cloudcover_mid_hist_mean'), ('<1.473', 'direct_solar_radiation_hist_mean'), ('<0.035', 'snowfall_hist_mean')]","[('<18.0', 'eic_count'), ('<209.8', 'installed_capacity'), ('<18.383', 'temperature_hist_mean'), ('<12.351', 'dewpoint_hist_mean'), ('<76.787', 'cloudcover_total_hist_mean'), ('<53.573', 'cloudcover_low_hist_mean'), ('<47.92', 'cloudcover_mid_hist_mean'), ('<331.8', 'direct_solar_radiation_hist_mean'), ('<0.0', 'snowfall_hist_mean')]",80.498,0.568,138.349,0,1,"['target', 'eic_count', 'installed_capacity', 'temperature_hist_mean', 'dewpoint_hist_mean', 'cloudcover_total_hist_mean', 'cloudcover_low_hist_mean', 'cloudcover_mid_hist_mean', 'direct_solar_radiation_hist_mean', 'snowfall_hist_mean']","['target', 'installed_capacity', 'temperature_hist_mean', 'dewpoint_hist_mean', 'cloudcover_total_hist_mean', 'cloudcover_low_hist_mean', 'direct_solar_radiation_hist_mean', 'snowfall_hist_mean']",2,"[('<22.0', 'eic_count'), ('<235.3', 'installed_capacity'), ('<9.209', 'temperature_hist_mean'), ('<6.502', 'dewpoint_hist_mean'), ('<93.597', 'cloudcover_total_hist_mean'), ('<84.607', 'cloudcover_low_hist_mean'), ('<61.637', 'cloudcover_mid_hist_mean'), ('<7.093', 'direct_solar_radiation_hist_mean'), ('<0.004', 'snowfall_hist_mean')]"
63,yes,Fixed,0.009,0.015,-7282175.322,"[('<70.026', 'target'), ('<-2.031', 'temperature_hist_mean'), ('<-3.664', 'dewpoint_hist_mean'), ('<98.4', 'cloudcover_total_hist_mean'), ('<87.86', 'cloudcover_low_hist_mean'), ('<91.98', 'cloudcover_mid_hist_mean'), ('<3.873', 'direct_solar_radiation_hist_mean'), ('<0.1', 'snowfall_hist_mean')]","[('<17.929', 'temperature_hist_mean'), ('<11.872', 'dewpoint_hist_mean'), ('<76.52', 'cloudcover_total_hist_mean'), ('<53.4', 'cloudcover_low_hist_mean'), ('<47.52', 'cloudcover_mid_hist_mean'), ('<330.627', 'direct_solar_radiation_hist_mean'), ('<0.0', 'snowfall_hist_mean')]",94.134,0.049,218.968,0,1,"['target', 'temperature_hist_mean', 'dewpoint_hist_mean', 'cloudcover_total_hist_mean', 'cloudcover_low_hist_mean', 'cloudcover_mid_hist_mean', 'direct_solar_radiation_hist_mean', 'snowfall_hist_mean']","['target', 'eic_count', 'installed_capacity', 'temperature_hist_mean', 'dewpoint_hist_mean', 'cloudcover_total_hist_mean', 'cloudcover_low_hist_mean', 'direct_solar_radiation_hist_mean', 'snowfall_hist_mean']",13,"[('<9.525', 'temperature_hist_mean'), ('<6.782', 'dewpoint_hist_mean'), ('<93.413', 'cloudcover_total_hist_mean'), ('<84.32', 'cloudcover_low_hist_mean'), ('<61.327', 'cloudcover_mid_hist_mean'), ('<7.533', 'direct_solar_radiation_hist_mean'), ('<0.004', 'snowfall_hist_mean')]"
64,yes,Combined,0.034,0.01,-30270827.12,"[('<892.656', 'target'), ('<14.0', 'eic_count'), ('<570.0', 'installed_capacity'), ('<10.307', 'temperature_hist_mean'), ('<8.098', 'dewpoint_hist_mean'), ('<97.98', 'cloudcover_total_hist_mean'), ('<92.913', 'cloudcover_low_hist_mean')]","[('<14.0', 'eic_count'), ('<570.0', 'installed_capacity'), ('<18.328', 'temperature_hist_mean'), ('<11.724', 'dewpoint_hist_mean'), ('<71.013', 'cloudcover_total_hist_mean'), ('<52.72', 'cloudcover_low_hist_mean')]",1000.254,23.526,264.355,0,1,"['target', 'eic_count', 'installed_capacity', 'temperature_hist_mean', 'dewpoint_hist_mean', 'cloudcover_total_hist_mean', 'cloudcover_low_hist_mean']","['target', 'temperature_hist_mean', 'dewpoint_hist_mean', 'cloudcover_total_hist_mean', 'cloudcover_low_hist_mean', 'direct_solar_radiation_hist_mean', 'snowfall_hist_mean']",15,"[('<14.0', 'eic_count'), ('<570.0', 'installed_capacity'), ('<12.049', 'temperature_hist_mean'), ('<8.67', 'dewpoint_hist_mean'), ('<91.217', 'cloudcover_total_hist_mean'), ('<81.07', 'cloudcover_low_hist_mean')]"
65,yes,Fixed,0.01,0.01,,"[('<106.912', 'target'), ('<7.0', 'eic_count'), ('<120.0', 'installed_capacity'), ('<0.356', 'temperature_hist_mean'), ('<-0.925', 'dewpoint_hist_mean'), ('<97.713', 'cloudcover_total_hist_mean'), ('<90.213', 'cloudcover_low_hist_mean'), ('<70.273', 'cloudcover_mid_hist_mean'), ('<4.037', 'direct_solar_radiation_hist_mean'), ('<0.031', 'snowfall_hist_mean')]","[('<8.0', 'eic_count'), ('<140.0', 'installed_capacity'), ('<20.272', 'temperature_hist_mean'), ('<13.31', 'dewpoint_hist_mean'), ('<71.313', 'cloudcover_total_hist_mean'), ('<47.287', 'cloudcover_low_hist_mean'), ('<46.517', 'cloudcover_mid_hist_mean'), ('<430.49', 'direct_solar_radiation_hist_mean'), ('<0.0', 'snowfall_hist_mean')]",122.423,1.973,72.418,0,1,"['target', 'eic_count', 'installed_capacity', 'temperature_hist_mean', 'dewpoint_hist_mean', 'cloudcover_total_hist_mean', 'cloudcover_low_hist_mean', 'cloudcover_mid_hist_mean', 'direct_solar_radiation_hist_mean', 'snowfall_hist_mean']","['target', 'eic_count', 'installed_capacity', 'temperature_hist_mean', 'dewpoint_hist_mean', 'cloudcover_total_hist_mean', 'cloudcover_low_hist_mean', 'direct_solar_radiation_hist_mean', 'snowfall_hist_mean']",2,"[('<7.0', 'eic_count'), ('<130.0', 'installed_capacity'), ('<12.463', 'temperature_hist_mean'), ('<9.033', 'dewpoint_hist_mean'), ('<89.903', 'cloudcover_total_hist_mean'), ('<77.813', 'cloudcover_low_hist_mean'), ('<56.26', 'cloudcover_mid_hist_mean'), ('<65.233', 'direct_solar_radiation_hist_mean'), ('<0.001', 'snowfall_hist_mean')]"
66,yes,Fixed,0.02,0.014,,"[('<368.417', 'target'), ('<15.0', 'eic_count'), ('<651.7', 'installed_capacity'), ('<-1.923', 'temperature_hist_mean'), ('<-3.516', 'dewpoint_hist_mean'), ('<99.02', 'cloudcover_total_hist_mean'), ('<95.633', 'cloudcover_low_hist_mean'), ('<93.127', 'cloudcover_mid_hist_mean'), ('<3.897', 'direct_solar_radiation_hist_mean'), ('<0.085', 'snowfall_hist_mean')]","[('<10.0', 'eic_count'), ('<489.2', 'installed_capacity'), ('<20.308', 'temperature_hist_mean'), ('<13.336', 'dewpoint_hist_mean'), ('<73.553', 'cloudcover_total_hist_mean'), ('<47.47', 'cloudcover_low_hist_mean'), ('<47.17', 'cloudcover_mid_hist_mean'), ('<401.177', 'direct_solar_radiation_hist_mean'), ('<0.0', 'snowfall_hist_mean')]",429.537,0,310.155,0,1,"['target', 'eic_count', 'installed_capacity', 'temperature_hist_mean', 'dewpoint_hist_mean', 'cloudcover_total_hist_mean', 'cloudcover_low_hist_mean', 'cloudcover_mid_hist_mean', 'direct_solar_radiation_hist_mean', 'snowfall_hist_mean']","['target', 'eic_count', 'installed_capacity', 'temperature_hist_mean', 'dewpoint_hist_mean', 'cloudcover_total_hist_mean', 'cloudcover_low_hist_mean', 'direct_solar_radiation_hist_mean', 'snowfall_hist_mean']",4,"[('<15.0', 'eic_count'), ('<651.7', 'installed_capacity'), ('<11.387', 'temperature_hist_mean'), ('<8.267', 'dewpoint_hist_mean'), ('<91.573', 'cloudcover_total_hist_mean'), ('<80.453', 'cloudcover_low_hist_mean'), ('<57.613', 'cloudcover_mid_hist_mean'), ('<22.227', 'direct_solar_radiation_hist_mean'), ('<0.001', 'snowfall_hist_mean')]"
67,yes,Combined,0.006,0.017,,"[('<689.61', 'target'), ('<-1.198', 'temperature_hist_mean'), ('<-2.917', 'dewpoint_hist_mean'), ('<98.713', 'cloudcover_total_hist_mean'), ('<94.13', 'cloudcover_low_hist_mean'), ('<89.043', 'cloudcover_mid_hist_mean'), ('<5.65', 'direct_solar_radiation_hist_mean'), ('<0.056', 'snowfall_hist_mean')]","[('<19.68', 'temperature_hist_mean'), ('<13.13', 'dewpoint_hist_mean'), ('<74.75', 'cloudcover_total_hist_mean'), ('<53.743', 'cloudcover_low_hist_mean'), ('<46.517', 'cloudcover_mid_hist_mean'), ('<401.18', 'direct_solar_radiation_hist_mean'), ('<0.0', 'snowfall_hist_mean')]",709.663,8.67,217.197,0,1,"['target', 'temperature_hist_mean', 'dewpoint_hist_mean', 'cloudcover_total_hist_mean', 'cloudcover_low_hist_mean', 'cloudcover_mid_hist_mean', 'direct_solar_radiation_hist_mean', 'snowfall_hist_mean']","['target', 'temperature_hist_mean', 'dewpoint_hist_mean', 'cloudcover_total_hist_mean', 'cloudcover_low_hist_mean', 'direct_solar_radiation_hist_mean']",11,"[('<13.288', 'temperature_hist_mean'), ('<9.605', 'dewpoint_hist_mean'), ('<88.093', 'cloudcover_total_hist_mean'), ('<73.997', 'cloudcover_low_hist_mean'), ('<54.127', 'cloudcover_mid_hist_mean'), ('<87.537', 'direct_solar_radiation_hist_mean'), ('<0.0', 'snowfall_hist_mean')]"
68,yes,General service,0.007,0.044,,"[('<219.427', 'target'), ('<16.413', 'direct_solar_radiation_hist_mean')]","[('<nan', 'direct_solar_radiation_hist_mean')]",221.421,10.887,10.92,0,1,"['target', 'direct_solar_radiation_hist_mean']","['target', 'temperature_hist_mean', 'dewpoint_hist_mean']",14,"[('<5.053', 'direct_solar_radiation_hist_mean')]"